dateID,date,day,month,year,month_name,quarter,days_ago
1,2018-01-01,1,1,2018,January,1,1963
2,2018-01-02,2,1,2018,January,1,1962
3,2018-01-03,3,1,2018,January,1,1961
4,2018-01-04,4,1,2018,January,1,1960
5,2018-01-05,5,1,2018,January,1,1959
6,2018-01-06,6,1,2018,January,1,1958
7,2018-01-07,7,1,2018,January,1,1957
8,2018-01-08,8,1,2018,January,1,1956
9,2018-01-09,9,1,2018,January,1,1955
10,2018-01-10,10,1,2018,January,1,1954
11,2018-01-11,11,1,2018,January,1,1953
12,2018-01-12,12,1,2018,January,1,1952
13,2018-01-13,13,1,2018,January,1,1951
14,2018-01-14,14,1,2018,January,1,1950
15,2018-01-15,15,1,2018,January,1,1949
16,2018-01-16,16,1,2018,January,1,1948
17,2018-01-17,17,1,2018,January,1,1947
18,2018-01-18,18,1,2018,January,1,1946
19,2018-01-19,19,1,2018,January,1,1945
20,2018-01-20,20,1,2018,January,1,1944
21,2018-01-21,21,1,2018,January,1,1943
22,2018-01-22,22,1,2018,January,1,1942
23,2018-01-23,23,1,2018,January,1,1941
24,2018-01-24,24,1,2018,January,1,1940
25,2018-01-25,25,1,2018,January,1,1939
26,2018-01-26,26,1,2018,January,1,1938
27,2018-01-27,27,1,2018,January,1,1937
28,2018-01-28,28,1,2018,January,1,1936
29,2018-01-29,29,1,2018,January,1,1935
30,2018-01-30,30,1,2018,January,1,1934
31,2018-01-31,31,1,2018,January,1,1933
32,2018-02-01,1,2,2018,February,1,1932
33,2018-02-02,2,2,2018,February,1,1931
34,2018-02-03,3,2,2018,February,1,1930
35,2018-02-04,4,2,2018,February,1,1929
36,2018-02-05,5,2,2018,February,1,1928
37,2018-02-06,6,2,2018,February,1,1927
38,2018-02-07,7,2,2018,February,1,1926
39,2018-02-08,8,2,2018,February,1,1925
40,2018-02-09,9,2,2018,February,1,1924
41,2018-02-10,10,2,2018,February,1,1923
42,2018-02-11,11,2,2018,February,1,1922
43,2018-02-12,12,2,2018,February,1,1921
44,2018-02-13,13,2,2018,February,1,1920
45,2018-02-14,14,2,2018,February,1,1919
46,2018-02-15,15,2,2018,February,1,1918
47,2018-02-16,16,2,2018,February,1,1917
48,2018-02-17,17,2,2018,February,1,1916
49,2018-02-18,18,2,2018,February,1,1915
50,2018-02-19,19,2,2018,February,1,1914
51,2018-02-20,20,2,2018,February,1,1913
52,2018-02-21,21,2,2018,February,1,1912
53,2018-02-22,22,2,2018,February,1,1911
54,2018-02-23,23,2,2018,February,1,1910
55,2018-02-24,24,2,2018,February,1,1909
56,2018-02-25,25,2,2018,February,1,1908
57,2018-02-26,26,2,2018,February,1,1907
58,2018-02-27,27,2,2018,February,1,1906
59,2018-02-28,28,2,2018,February,1,1905
60,2018-03-01,1,3,2018,March,1,1904
61,2018-03-02,2,3,2018,March,1,1903
62,2018-03-03,3,3,2018,March,1,1902
63,2018-03-04,4,3,2018,March,1,1901
64,2018-03-05,5,3,2018,March,1,1900
65,2018-03-06,6,3,2018,March,1,1899
66,2018-03-07,7,3,2018,March,1,1898
67,2018-03-08,8,3,2018,March,1,1897
68,2018-03-09,9,3,2018,March,1,1896
69,2018-03-10,10,3,2018,March,1,1895
70,2018-03-11,11,3,2018,March,1,1894
71,2018-03-12,12,3,2018,March,1,1893
72,2018-03-13,13,3,2018,March,1,1892
73,2018-03-14,14,3,2018,March,1,1891
74,2018-03-15,15,3,2018,March,1,1890
75,2018-03-16,16,3,2018,March,1,1889
76,2018-03-17,17,3,2018,March,1,1888
77,2018-03-18,18,3,2018,March,1,1887
78,2018-03-19,19,3,2018,March,1,1886
79,2018-03-20,20,3,2018,March,1,1885
80,2018-03-21,21,3,2018,March,1,1884
81,2018-03-22,22,3,2018,March,1,1883
82,2018-03-23,23,3,2018,March,1,1882
83,2018-03-24,24,3,2018,March,1,1881
84,2018-03-25,25,3,2018,March,1,1880
85,2018-03-26,26,3,2018,March,1,1879
86,2018-03-27,27,3,2018,March,1,1878
87,2018-03-28,28,3,2018,March,1,1877
88,2018-03-29,29,3,2018,March,1,1876
89,2018-03-30,30,3,2018,March,1,1875
90,2018-03-31,31,3,2018,March,1,1874
91,2018-04-01,1,4,2018,April,2,1873
92,2018-04-02,2,4,2018,April,2,1872
93,2018-04-03,3,4,2018,April,2,1871
94,2018-04-04,4,4,2018,April,2,1870
95,2018-04-05,5,4,2018,April,2,1869
96,2018-04-06,6,4,2018,April,2,1868
97,2018-04-07,7,4,2018,April,2,1867
98,2018-04-08,8,4,2018,April,2,1866
99,2018-04-09,9,4,2018,April,2,1865
100,2018-04-10,10,4,2018,April,2,1864
101,2018-04-11,11,4,2018,April,2,1863
102,2018-04-12,12,4,2018,April,2,1862
103,2018-04-13,13,4,2018,April,2,1861
104,2018-04-14,14,4,2018,April,2,1860
105,2018-04-15,15,4,2018,April,2,1859
106,2018-04-16,16,4,2018,April,2,1858
107,2018-04-17,17,4,2018,April,2,1857
108,2018-04-18,18,4,2018,April,2,1856
109,2018-04-19,19,4,2018,April,2,1855
110,2018-04-20,20,4,2018,April,2,1854
111,2018-04-21,21,4,2018,April,2,1853
112,2018-04-22,22,4,2018,April,2,1852
113,2018-04-23,23,4,2018,April,2,1851
114,2018-04-24,24,4,2018,April,2,1850
115,2018-04-25,25,4,2018,April,2,1849
116,2018-04-26,26,4,2018,April,2,1848
117,2018-04-27,27,4,2018,April,2,1847
118,2018-04-28,28,4,2018,April,2,1846
119,2018-04-29,29,4,2018,April,2,1845
120,2018-04-30,30,4,2018,April,2,1844
121,2018-05-01,1,5,2018,May,2,1843
122,2018-05-02,2,5,2018,May,2,1842
123,2018-05-03,3,5,2018,May,2,1841
124,2018-05-04,4,5,2018,May,2,1840
125,2018-05-05,5,5,2018,May,2,1839
126,2018-05-06,6,5,2018,May,2,1838
127,2018-05-07,7,5,2018,May,2,1837
128,2018-05-08,8,5,2018,May,2,1836
129,2018-05-09,9,5,2018,May,2,1835
130,2018-05-10,10,5,2018,May,2,1834
131,2018-05-11,11,5,2018,May,2,1833
132,2018-05-12,12,5,2018,May,2,1832
133,2018-05-13,13,5,2018,May,2,1831
134,2018-05-14,14,5,2018,May,2,1830
135,2018-05-15,15,5,2018,May,2,1829
136,2018-05-16,16,5,2018,May,2,1828
137,2018-05-17,17,5,2018,May,2,1827
138,2018-05-18,18,5,2018,May,2,1826
139,2018-05-19,19,5,2018,May,2,1825
140,2018-05-20,20,5,2018,May,2,1824
141,2018-05-21,21,5,2018,May,2,1823
142,2018-05-22,22,5,2018,May,2,1822
143,2018-05-23,23,5,2018,May,2,1821
144,2018-05-24,24,5,2018,May,2,1820
145,2018-05-25,25,5,2018,May,2,1819
146,2018-05-26,26,5,2018,May,2,1818
147,2018-05-27,27,5,2018,May,2,1817
148,2018-05-28,28,5,2018,May,2,1816
149,2018-05-29,29,5,2018,May,2,1815
150,2018-05-30,30,5,2018,May,2,1814
151,2018-05-31,31,5,2018,May,2,1813
152,2018-06-01,1,6,2018,June,2,1812
153,2018-06-02,2,6,2018,June,2,1811
154,2018-06-03,3,6,2018,June,2,1810
155,2018-06-04,4,6,2018,June,2,1809
156,2018-06-05,5,6,2018,June,2,1808
157,2018-06-06,6,6,2018,June,2,1807
158,2018-06-07,7,6,2018,June,2,1806
159,2018-06-08,8,6,2018,June,2,1805
160,2018-06-09,9,6,2018,June,2,1804
161,2018-06-10,10,6,2018,June,2,1803
162,2018-06-11,11,6,2018,June,2,1802
163,2018-06-12,12,6,2018,June,2,1801
164,2018-06-13,13,6,2018,June,2,1800
165,2018-06-14,14,6,2018,June,2,1799
166,2018-06-15,15,6,2018,June,2,1798
167,2018-06-16,16,6,2018,June,2,1797
168,2018-06-17,17,6,2018,June,2,1796
169,2018-06-18,18,6,2018,June,2,1795
170,2018-06-19,19,6,2018,June,2,1794
171,2018-06-20,20,6,2018,June,2,1793
172,2018-06-21,21,6,2018,June,2,1792
173,2018-06-22,22,6,2018,June,2,1791
174,2018-06-23,23,6,2018,June,2,1790
175,2018-06-24,24,6,2018,June,2,1789
176,2018-06-25,25,6,2018,June,2,1788
177,2018-06-26,26,6,2018,June,2,1787
178,2018-06-27,27,6,2018,June,2,1786
179,2018-06-28,28,6,2018,June,2,1785
180,2018-06-29,29,6,2018,June,2,1784
181,2018-06-30,30,6,2018,June,2,1783
182,2018-07-01,1,7,2018,July,3,1782
183,2018-07-02,2,7,2018,July,3,1781
184,2018-07-03,3,7,2018,July,3,1780
185,2018-07-04,4,7,2018,July,3,1779
186,2018-07-05,5,7,2018,July,3,1778
187,2018-07-06,6,7,2018,July,3,1777
188,2018-07-07,7,7,2018,July,3,1776
189,2018-07-08,8,7,2018,July,3,1775
190,2018-07-09,9,7,2018,July,3,1774
191,2018-07-10,10,7,2018,July,3,1773
192,2018-07-11,11,7,2018,July,3,1772
193,2018-07-12,12,7,2018,July,3,1771
194,2018-07-13,13,7,2018,July,3,1770
195,2018-07-14,14,7,2018,July,3,1769
196,2018-07-15,15,7,2018,July,3,1768
197,2018-07-16,16,7,2018,July,3,1767
198,2018-07-17,17,7,2018,July,3,1766
199,2018-07-18,18,7,2018,July,3,1765
200,2018-07-19,19,7,2018,July,3,1764
201,2018-07-20,20,7,2018,July,3,1763
202,2018-07-21,21,7,2018,July,3,1762
203,2018-07-22,22,7,2018,July,3,1761
204,2018-07-23,23,7,2018,July,3,1760
205,2018-07-24,24,7,2018,July,3,1759
206,2018-07-25,25,7,2018,July,3,1758
207,2018-07-26,26,7,2018,July,3,1757
208,2018-07-27,27,7,2018,July,3,1756
209,2018-07-28,28,7,2018,July,3,1755
210,2018-07-29,29,7,2018,July,3,1754
211,2018-07-30,30,7,2018,July,3,1753
212,2018-07-31,31,7,2018,July,3,1752
213,2018-08-01,1,8,2018,August,3,1751
214,2018-08-02,2,8,2018,August,3,1750
215,2018-08-03,3,8,2018,August,3,1749
216,2018-08-04,4,8,2018,August,3,1748
217,2018-08-05,5,8,2018,August,3,1747
218,2018-08-06,6,8,2018,August,3,1746
219,2018-08-07,7,8,2018,August,3,1745
220,2018-08-08,8,8,2018,August,3,1744
221,2018-08-09,9,8,2018,August,3,1743
222,2018-08-10,10,8,2018,August,3,1742
223,2018-08-11,11,8,2018,August,3,1741
224,2018-08-12,12,8,2018,August,3,1740
225,2018-08-13,13,8,2018,August,3,1739
226,2018-08-14,14,8,2018,August,3,1738
227,2018-08-15,15,8,2018,August,3,1737
228,2018-08-16,16,8,2018,August,3,1736
229,2018-08-17,17,8,2018,August,3,1735
230,2018-08-18,18,8,2018,August,3,1734
231,2018-08-19,19,8,2018,August,3,1733
232,2018-08-20,20,8,2018,August,3,1732
233,2018-08-21,21,8,2018,August,3,1731
234,2018-08-22,22,8,2018,August,3,1730
235,2018-08-23,23,8,2018,August,3,1729
236,2018-08-24,24,8,2018,August,3,1728
237,2018-08-25,25,8,2018,August,3,1727
238,2018-08-26,26,8,2018,August,3,1726
239,2018-08-27,27,8,2018,August,3,1725
240,2018-08-28,28,8,2018,August,3,1724
241,2018-08-29,29,8,2018,August,3,1723
242,2018-08-30,30,8,2018,August,3,1722
243,2018-08-31,31,8,2018,August,3,1721
244,2018-09-01,1,9,2018,September,3,1720
245,2018-09-02,2,9,2018,September,3,1719
246,2018-09-03,3,9,2018,September,3,1718
247,2018-09-04,4,9,2018,September,3,1717
248,2018-09-05,5,9,2018,September,3,1716
249,2018-09-06,6,9,2018,September,3,1715
250,2018-09-07,7,9,2018,September,3,1714
251,2018-09-08,8,9,2018,September,3,1713
252,2018-09-09,9,9,2018,September,3,1712
253,2018-09-10,10,9,2018,September,3,1711
254,2018-09-11,11,9,2018,September,3,1710
255,2018-09-12,12,9,2018,September,3,1709
256,2018-09-13,13,9,2018,September,3,1708
257,2018-09-14,14,9,2018,September,3,1707
258,2018-09-15,15,9,2018,September,3,1706
259,2018-09-16,16,9,2018,September,3,1705
260,2018-09-17,17,9,2018,September,3,1704
261,2018-09-18,18,9,2018,September,3,1703
262,2018-09-19,19,9,2018,September,3,1702
263,2018-09-20,20,9,2018,September,3,1701
264,2018-09-21,21,9,2018,September,3,1700
265,2018-09-22,22,9,2018,September,3,1699
266,2018-09-23,23,9,2018,September,3,1698
267,2018-09-24,24,9,2018,September,3,1697
268,2018-09-25,25,9,2018,September,3,1696
269,2018-09-26,26,9,2018,September,3,1695
270,2018-09-27,27,9,2018,September,3,1694
271,2018-09-28,28,9,2018,September,3,1693
272,2018-09-29,29,9,2018,September,3,1692
273,2018-09-30,30,9,2018,September,3,1691
274,2018-10-01,1,10,2018,October,4,1690
275,2018-10-02,2,10,2018,October,4,1689
276,2018-10-03,3,10,2018,October,4,1688
277,2018-10-04,4,10,2018,October,4,1687
278,2018-10-05,5,10,2018,October,4,1686
279,2018-10-06,6,10,2018,October,4,1685
280,2018-10-07,7,10,2018,October,4,1684
281,2018-10-08,8,10,2018,October,4,1683
282,2018-10-09,9,10,2018,October,4,1682
283,2018-10-10,10,10,2018,October,4,1681
284,2018-10-11,11,10,2018,October,4,1680
285,2018-10-12,12,10,2018,October,4,1679
286,2018-10-13,13,10,2018,October,4,1678
287,2018-10-14,14,10,2018,October,4,1677
288,2018-10-15,15,10,2018,October,4,1676
289,2018-10-16,16,10,2018,October,4,1675
290,2018-10-17,17,10,2018,October,4,1674
291,2018-10-18,18,10,2018,October,4,1673
292,2018-10-19,19,10,2018,October,4,1672
293,2018-10-20,20,10,2018,October,4,1671
294,2018-10-21,21,10,2018,October,4,1670
295,2018-10-22,22,10,2018,October,4,1669
296,2018-10-23,23,10,2018,October,4,1668
297,2018-10-24,24,10,2018,October,4,1667
298,2018-10-25,25,10,2018,October,4,1666
299,2018-10-26,26,10,2018,October,4,1665
300,2018-10-27,27,10,2018,October,4,1664
301,2018-10-28,28,10,2018,October,4,1663
302,2018-10-29,29,10,2018,October,4,1662
303,2018-10-30,30,10,2018,October,4,1661
304,2018-10-31,31,10,2018,October,4,1660
305,2018-11-01,1,11,2018,November,4,1659
306,2018-11-02,2,11,2018,November,4,1658
307,2018-11-03,3,11,2018,November,4,1657
308,2018-11-04,4,11,2018,November,4,1656
309,2018-11-05,5,11,2018,November,4,1655
310,2018-11-06,6,11,2018,November,4,1654
311,2018-11-07,7,11,2018,November,4,1653
312,2018-11-08,8,11,2018,November,4,1652
313,2018-11-09,9,11,2018,November,4,1651
314,2018-11-10,10,11,2018,November,4,1650
315,2018-11-11,11,11,2018,November,4,1649
316,2018-11-12,12,11,2018,November,4,1648
317,2018-11-13,13,11,2018,November,4,1647
318,2018-11-14,14,11,2018,November,4,1646
319,2018-11-15,15,11,2018,November,4,1645
320,2018-11-16,16,11,2018,November,4,1644
321,2018-11-17,17,11,2018,November,4,1643
322,2018-11-18,18,11,2018,November,4,1642
323,2018-11-19,19,11,2018,November,4,1641
324,2018-11-20,20,11,2018,November,4,1640
325,2018-11-21,21,11,2018,November,4,1639
326,2018-11-22,22,11,2018,November,4,1638
327,2018-11-23,23,11,2018,November,4,1637
328,2018-11-24,24,11,2018,November,4,1636
329,2018-11-25,25,11,2018,November,4,1635
330,2018-11-26,26,11,2018,November,4,1634
331,2018-11-27,27,11,2018,November,4,1633
332,2018-11-28,28,11,2018,November,4,1632
333,2018-11-29,29,11,2018,November,4,1631
334,2018-11-30,30,11,2018,November,4,1630
335,2018-12-01,1,12,2018,December,4,1629
336,2018-12-02,2,12,2018,December,4,1628
337,2018-12-03,3,12,2018,December,4,1627
338,2018-12-04,4,12,2018,December,4,1626
339,2018-12-05,5,12,2018,December,4,1625
340,2018-12-06,6,12,2018,December,4,1624
341,2018-12-07,7,12,2018,December,4,1623
342,2018-12-08,8,12,2018,December,4,1622
343,2018-12-09,9,12,2018,December,4,1621
344,2018-12-10,10,12,2018,December,4,1620
345,2018-12-11,11,12,2018,December,4,1619
346,2018-12-12,12,12,2018,December,4,1618
347,2018-12-13,13,12,2018,December,4,1617
348,2018-12-14,14,12,2018,December,4,1616
349,2018-12-15,15,12,2018,December,4,1615
350,2018-12-16,16,12,2018,December,4,1614
351,2018-12-17,17,12,2018,December,4,1613
352,2018-12-18,18,12,2018,December,4,1612
353,2018-12-19,19,12,2018,December,4,1611
354,2018-12-20,20,12,2018,December,4,1610
355,2018-12-21,21,12,2018,December,4,1609
356,2018-12-22,22,12,2018,December,4,1608
357,2018-12-23,23,12,2018,December,4,1607
358,2018-12-24,24,12,2018,December,4,1606
359,2018-12-25,25,12,2018,December,4,1605
360,2018-12-26,26,12,2018,December,4,1604
361,2018-12-27,27,12,2018,December,4,1603
362,2018-12-28,28,12,2018,December,4,1602
363,2018-12-29,29,12,2018,December,4,1601
364,2018-12-30,30,12,2018,December,4,1600
365,2018-12-31,31,12,2018,December,4,1599
366,2019-01-01,1,1,2019,January,1,1598
367,2019-01-02,2,1,2019,January,1,1597
368,2019-01-03,3,1,2019,January,1,1596
369,2019-01-04,4,1,2019,January,1,1595
370,2019-01-05,5,1,2019,January,1,1594
371,2019-01-06,6,1,2019,January,1,1593
372,2019-01-07,7,1,2019,January,1,1592
373,2019-01-08,8,1,2019,January,1,1591
374,2019-01-09,9,1,2019,January,1,1590
375,2019-01-10,10,1,2019,January,1,1589
376,2019-01-11,11,1,2019,January,1,1588
377,2019-01-12,12,1,2019,January,1,1587
378,2019-01-13,13,1,2019,January,1,1586
379,2019-01-14,14,1,2019,January,1,1585
380,2019-01-15,15,1,2019,January,1,1584
381,2019-01-16,16,1,2019,January,1,1583
382,2019-01-17,17,1,2019,January,1,1582
383,2019-01-18,18,1,2019,January,1,1581
384,2019-01-19,19,1,2019,January,1,1580
385,2019-01-20,20,1,2019,January,1,1579
386,2019-01-21,21,1,2019,January,1,1578
387,2019-01-22,22,1,2019,January,1,1577
388,2019-01-23,23,1,2019,January,1,1576
389,2019-01-24,24,1,2019,January,1,1575
390,2019-01-25,25,1,2019,January,1,1574
391,2019-01-26,26,1,2019,January,1,1573
392,2019-01-27,27,1,2019,January,1,1572
393,2019-01-28,28,1,2019,January,1,1571
394,2019-01-29,29,1,2019,January,1,1570
395,2019-01-30,30,1,2019,January,1,1569
396,2019-01-31,31,1,2019,January,1,1568
397,2019-02-01,1,2,2019,February,1,1567
398,2019-02-02,2,2,2019,February,1,1566
399,2019-02-03,3,2,2019,February,1,1565
400,2019-02-04,4,2,2019,February,1,1564
401,2019-02-05,5,2,2019,February,1,1563
402,2019-02-06,6,2,2019,February,1,1562
403,2019-02-07,7,2,2019,February,1,1561
404,2019-02-08,8,2,2019,February,1,1560
405,2019-02-09,9,2,2019,February,1,1559
406,2019-02-10,10,2,2019,February,1,1558
407,2019-02-11,11,2,2019,February,1,1557
408,2019-02-12,12,2,2019,February,1,1556
409,2019-02-13,13,2,2019,February,1,1555
410,2019-02-14,14,2,2019,February,1,1554
411,2019-02-15,15,2,2019,February,1,1553
412,2019-02-16,16,2,2019,February,1,1552
413,2019-02-17,17,2,2019,February,1,1551
414,2019-02-18,18,2,2019,February,1,1550
415,2019-02-19,19,2,2019,February,1,1549
416,2019-02-20,20,2,2019,February,1,1548
417,2019-02-21,21,2,2019,February,1,1547
418,2019-02-22,22,2,2019,February,1,1546
419,2019-02-23,23,2,2019,February,1,1545
420,2019-02-24,24,2,2019,February,1,1544
421,2019-02-25,25,2,2019,February,1,1543
422,2019-02-26,26,2,2019,February,1,1542
423,2019-02-27,27,2,2019,February,1,1541
424,2019-02-28,28,2,2019,February,1,1540
425,2019-03-01,1,3,2019,March,1,1539
426,2019-03-02,2,3,2019,March,1,1538
427,2019-03-03,3,3,2019,March,1,1537
428,2019-03-04,4,3,2019,March,1,1536
429,2019-03-05,5,3,2019,March,1,1535
430,2019-03-06,6,3,2019,March,1,1534
431,2019-03-07,7,3,2019,March,1,1533
432,2019-03-08,8,3,2019,March,1,1532
433,2019-03-09,9,3,2019,March,1,1531
434,2019-03-10,10,3,2019,March,1,1530
435,2019-03-11,11,3,2019,March,1,1529
436,2019-03-12,12,3,2019,March,1,1528
437,2019-03-13,13,3,2019,March,1,1527
438,2019-03-14,14,3,2019,March,1,1526
439,2019-03-15,15,3,2019,March,1,1525
440,2019-03-16,16,3,2019,March,1,1524
441,2019-03-17,17,3,2019,March,1,1523
442,2019-03-18,18,3,2019,March,1,1522
443,2019-03-19,19,3,2019,March,1,1521
444,2019-03-20,20,3,2019,March,1,1520
445,2019-03-21,21,3,2019,March,1,1519
446,2019-03-22,22,3,2019,March,1,1518
447,2019-03-23,23,3,2019,March,1,1517
448,2019-03-24,24,3,2019,March,1,1516
449,2019-03-25,25,3,2019,March,1,1515
450,2019-03-26,26,3,2019,March,1,1514
451,2019-03-27,27,3,2019,March,1,1513
452,2019-03-28,28,3,2019,March,1,1512
453,2019-03-29,29,3,2019,March,1,1511
454,2019-03-30,30,3,2019,March,1,1510
455,2019-03-31,31,3,2019,March,1,1509
456,2019-04-01,1,4,2019,April,2,1508
457,2019-04-02,2,4,2019,April,2,1507
458,2019-04-03,3,4,2019,April,2,1506
459,2019-04-04,4,4,2019,April,2,1505
460,2019-04-05,5,4,2019,April,2,1504
461,2019-04-06,6,4,2019,April,2,1503
462,2019-04-07,7,4,2019,April,2,1502
463,2019-04-08,8,4,2019,April,2,1501
464,2019-04-09,9,4,2019,April,2,1500
465,2019-04-10,10,4,2019,April,2,1499
466,2019-04-11,11,4,2019,April,2,1498
467,2019-04-12,12,4,2019,April,2,1497
468,2019-04-13,13,4,2019,April,2,1496
469,2019-04-14,14,4,2019,April,2,1495
470,2019-04-15,15,4,2019,April,2,1494
471,2019-04-16,16,4,2019,April,2,1493
472,2019-04-17,17,4,2019,April,2,1492
473,2019-04-18,18,4,2019,April,2,1491
474,2019-04-19,19,4,2019,April,2,1490
475,2019-04-20,20,4,2019,April,2,1489
476,2019-04-21,21,4,2019,April,2,1488
477,2019-04-22,22,4,2019,April,2,1487
478,2019-04-23,23,4,2019,April,2,1486
479,2019-04-24,24,4,2019,April,2,1485
480,2019-04-25,25,4,2019,April,2,1484
481,2019-04-26,26,4,2019,April,2,1483
482,2019-04-27,27,4,2019,April,2,1482
483,2019-04-28,28,4,2019,April,2,1481
484,2019-04-29,29,4,2019,April,2,1480
485,2019-04-30,30,4,2019,April,2,1479
486,2019-05-01,1,5,2019,May,2,1478
487,2019-05-02,2,5,2019,May,2,1477
488,2019-05-03,3,5,2019,May,2,1476
489,2019-05-04,4,5,2019,May,2,1475
490,2019-05-05,5,5,2019,May,2,1474
491,2019-05-06,6,5,2019,May,2,1473
492,2019-05-07,7,5,2019,May,2,1472
493,2019-05-08,8,5,2019,May,2,1471
494,2019-05-09,9,5,2019,May,2,1470
495,2019-05-10,10,5,2019,May,2,1469
496,2019-05-11,11,5,2019,May,2,1468
497,2019-05-12,12,5,2019,May,2,1467
498,2019-05-13,13,5,2019,May,2,1466
499,2019-05-14,14,5,2019,May,2,1465
500,2019-05-15,15,5,2019,May,2,1464
501,2019-05-16,16,5,2019,May,2,1463
502,2019-05-17,17,5,2019,May,2,1462
503,2019-05-18,18,5,2019,May,2,1461
504,2019-05-19,19,5,2019,May,2,1460
505,2019-05-20,20,5,2019,May,2,1459
506,2019-05-21,21,5,2019,May,2,1458
507,2019-05-22,22,5,2019,May,2,1457
508,2019-05-23,23,5,2019,May,2,1456
509,2019-05-24,24,5,2019,May,2,1455
510,2019-05-25,25,5,2019,May,2,1454
511,2019-05-26,26,5,2019,May,2,1453
512,2019-05-27,27,5,2019,May,2,1452
513,2019-05-28,28,5,2019,May,2,1451
514,2019-05-29,29,5,2019,May,2,1450
515,2019-05-30,30,5,2019,May,2,1449
516,2019-05-31,31,5,2019,May,2,1448
517,2019-06-01,1,6,2019,June,2,1447
518,2019-06-02,2,6,2019,June,2,1446
519,2019-06-03,3,6,2019,June,2,1445
520,2019-06-04,4,6,2019,June,2,1444
521,2019-06-05,5,6,2019,June,2,1443
522,2019-06-06,6,6,2019,June,2,1442
523,2019-06-07,7,6,2019,June,2,1441
524,2019-06-08,8,6,2019,June,2,1440
525,2019-06-09,9,6,2019,June,2,1439
526,2019-06-10,10,6,2019,June,2,1438
527,2019-06-11,11,6,2019,June,2,1437
528,2019-06-12,12,6,2019,June,2,1436
529,2019-06-13,13,6,2019,June,2,1435
530,2019-06-14,14,6,2019,June,2,1434
531,2019-06-15,15,6,2019,June,2,1433
532,2019-06-16,16,6,2019,June,2,1432
533,2019-06-17,17,6,2019,June,2,1431
534,2019-06-18,18,6,2019,June,2,1430
535,2019-06-19,19,6,2019,June,2,1429
536,2019-06-20,20,6,2019,June,2,1428
537,2019-06-21,21,6,2019,June,2,1427
538,2019-06-22,22,6,2019,June,2,1426
539,2019-06-23,23,6,2019,June,2,1425
540,2019-06-24,24,6,2019,June,2,1424
541,2019-06-25,25,6,2019,June,2,1423
542,2019-06-26,26,6,2019,June,2,1422
543,2019-06-27,27,6,2019,June,2,1421
544,2019-06-28,28,6,2019,June,2,1420
545,2019-06-29,29,6,2019,June,2,1419
546,2019-06-30,30,6,2019,June,2,1418
547,2019-07-01,1,7,2019,July,3,1417
548,2019-07-02,2,7,2019,July,3,1416
549,2019-07-03,3,7,2019,July,3,1415
550,2019-07-04,4,7,2019,July,3,1414
551,2019-07-05,5,7,2019,July,3,1413
552,2019-07-06,6,7,2019,July,3,1412
553,2019-07-07,7,7,2019,July,3,1411
554,2019-07-08,8,7,2019,July,3,1410
555,2019-07-09,9,7,2019,July,3,1409
556,2019-07-10,10,7,2019,July,3,1408
557,2019-07-11,11,7,2019,July,3,1407
558,2019-07-12,12,7,2019,July,3,1406
559,2019-07-13,13,7,2019,July,3,1405
560,2019-07-14,14,7,2019,July,3,1404
561,2019-07-15,15,7,2019,July,3,1403
562,2019-07-16,16,7,2019,July,3,1402
563,2019-07-17,17,7,2019,July,3,1401
564,2019-07-18,18,7,2019,July,3,1400
565,2019-07-19,19,7,2019,July,3,1399
566,2019-07-20,20,7,2019,July,3,1398
567,2019-07-21,21,7,2019,July,3,1397
568,2019-07-22,22,7,2019,July,3,1396
569,2019-07-23,23,7,2019,July,3,1395
570,2019-07-24,24,7,2019,July,3,1394
571,2019-07-25,25,7,2019,July,3,1393
572,2019-07-26,26,7,2019,July,3,1392
573,2019-07-27,27,7,2019,July,3,1391
574,2019-07-28,28,7,2019,July,3,1390
575,2019-07-29,29,7,2019,July,3,1389
576,2019-07-30,30,7,2019,July,3,1388
577,2019-07-31,31,7,2019,July,3,1387
578,2019-08-01,1,8,2019,August,3,1386
579,2019-08-02,2,8,2019,August,3,1385
580,2019-08-03,3,8,2019,August,3,1384
581,2019-08-04,4,8,2019,August,3,1383
582,2019-08-05,5,8,2019,August,3,1382
583,2019-08-06,6,8,2019,August,3,1381
584,2019-08-07,7,8,2019,August,3,1380
585,2019-08-08,8,8,2019,August,3,1379
586,2019-08-09,9,8,2019,August,3,1378
587,2019-08-10,10,8,2019,August,3,1377
588,2019-08-11,11,8,2019,August,3,1376
589,2019-08-12,12,8,2019,August,3,1375
590,2019-08-13,13,8,2019,August,3,1374
591,2019-08-14,14,8,2019,August,3,1373
592,2019-08-15,15,8,2019,August,3,1372
593,2019-08-16,16,8,2019,August,3,1371
594,2019-08-17,17,8,2019,August,3,1370
595,2019-08-18,18,8,2019,August,3,1369
596,2019-08-19,19,8,2019,August,3,1368
597,2019-08-20,20,8,2019,August,3,1367
598,2019-08-21,21,8,2019,August,3,1366
599,2019-08-22,22,8,2019,August,3,1365
600,2019-08-23,23,8,2019,August,3,1364
601,2019-08-24,24,8,2019,August,3,1363
602,2019-08-25,25,8,2019,August,3,1362
603,2019-08-26,26,8,2019,August,3,1361
604,2019-08-27,27,8,2019,August,3,1360
605,2019-08-28,28,8,2019,August,3,1359
606,2019-08-29,29,8,2019,August,3,1358
607,2019-08-30,30,8,2019,August,3,1357
608,2019-08-31,31,8,2019,August,3,1356
609,2019-09-01,1,9,2019,September,3,1355
610,2019-09-02,2,9,2019,September,3,1354
611,2019-09-03,3,9,2019,September,3,1353
612,2019-09-04,4,9,2019,September,3,1352
613,2019-09-05,5,9,2019,September,3,1351
614,2019-09-06,6,9,2019,September,3,1350
615,2019-09-07,7,9,2019,September,3,1349
616,2019-09-08,8,9,2019,September,3,1348
617,2019-09-09,9,9,2019,September,3,1347
618,2019-09-10,10,9,2019,September,3,1346
619,2019-09-11,11,9,2019,September,3,1345
620,2019-09-12,12,9,2019,September,3,1344
621,2019-09-13,13,9,2019,September,3,1343
622,2019-09-14,14,9,2019,September,3,1342
623,2019-09-15,15,9,2019,September,3,1341
624,2019-09-16,16,9,2019,September,3,1340
625,2019-09-17,17,9,2019,September,3,1339
626,2019-09-18,18,9,2019,September,3,1338
627,2019-09-19,19,9,2019,September,3,1337
628,2019-09-20,20,9,2019,September,3,1336
629,2019-09-21,21,9,2019,September,3,1335
630,2019-09-22,22,9,2019,September,3,1334
631,2019-09-23,23,9,2019,September,3,1333
632,2019-09-24,24,9,2019,September,3,1332
633,2019-09-25,25,9,2019,September,3,1331
634,2019-09-26,26,9,2019,September,3,1330
635,2019-09-27,27,9,2019,September,3,1329
636,2019-09-28,28,9,2019,September,3,1328
637,2019-09-29,29,9,2019,September,3,1327
638,2019-09-30,30,9,2019,September,3,1326
639,2019-10-01,1,10,2019,October,4,1325
640,2019-10-02,2,10,2019,October,4,1324
641,2019-10-03,3,10,2019,October,4,1323
642,2019-10-04,4,10,2019,October,4,1322
643,2019-10-05,5,10,2019,October,4,1321
644,2019-10-06,6,10,2019,October,4,1320
645,2019-10-07,7,10,2019,October,4,1319
646,2019-10-08,8,10,2019,October,4,1318
647,2019-10-09,9,10,2019,October,4,1317
648,2019-10-10,10,10,2019,October,4,1316
649,2019-10-11,11,10,2019,October,4,1315
650,2019-10-12,12,10,2019,October,4,1314
651,2019-10-13,13,10,2019,October,4,1313
652,2019-10-14,14,10,2019,October,4,1312
653,2019-10-15,15,10,2019,October,4,1311
654,2019-10-16,16,10,2019,October,4,1310
655,2019-10-17,17,10,2019,October,4,1309
656,2019-10-18,18,10,2019,October,4,1308
657,2019-10-19,19,10,2019,October,4,1307
658,2019-10-20,20,10,2019,October,4,1306
659,2019-10-21,21,10,2019,October,4,1305
660,2019-10-22,22,10,2019,October,4,1304
661,2019-10-23,23,10,2019,October,4,1303
662,2019-10-24,24,10,2019,October,4,1302
663,2019-10-25,25,10,2019,October,4,1301
664,2019-10-26,26,10,2019,October,4,1300
665,2019-10-27,27,10,2019,October,4,1299
666,2019-10-28,28,10,2019,October,4,1298
667,2019-10-29,29,10,2019,October,4,1297
668,2019-10-30,30,10,2019,October,4,1296
669,2019-10-31,31,10,2019,October,4,1295
670,2019-11-01,1,11,2019,November,4,1294
671,2019-11-02,2,11,2019,November,4,1293
672,2019-11-03,3,11,2019,November,4,1292
673,2019-11-04,4,11,2019,November,4,1291
674,2019-11-05,5,11,2019,November,4,1290
675,2019-11-06,6,11,2019,November,4,1289
676,2019-11-07,7,11,2019,November,4,1288
677,2019-11-08,8,11,2019,November,4,1287
678,2019-11-09,9,11,2019,November,4,1286
679,2019-11-10,10,11,2019,November,4,1285
680,2019-11-11,11,11,2019,November,4,1284
681,2019-11-12,12,11,2019,November,4,1283
682,2019-11-13,13,11,2019,November,4,1282
683,2019-11-14,14,11,2019,November,4,1281
684,2019-11-15,15,11,2019,November,4,1280
685,2019-11-16,16,11,2019,November,4,1279
686,2019-11-17,17,11,2019,November,4,1278
687,2019-11-18,18,11,2019,November,4,1277
688,2019-11-19,19,11,2019,November,4,1276
689,2019-11-20,20,11,2019,November,4,1275
690,2019-11-21,21,11,2019,November,4,1274
691,2019-11-22,22,11,2019,November,4,1273
692,2019-11-23,23,11,2019,November,4,1272
693,2019-11-24,24,11,2019,November,4,1271
694,2019-11-25,25,11,2019,November,4,1270
695,2019-11-26,26,11,2019,November,4,1269
696,2019-11-27,27,11,2019,November,4,1268
697,2019-11-28,28,11,2019,November,4,1267
698,2019-11-29,29,11,2019,November,4,1266
699,2019-11-30,30,11,2019,November,4,1265
700,2019-12-01,1,12,2019,December,4,1264
701,2019-12-02,2,12,2019,December,4,1263
702,2019-12-03,3,12,2019,December,4,1262
703,2019-12-04,4,12,2019,December,4,1261
704,2019-12-05,5,12,2019,December,4,1260
705,2019-12-06,6,12,2019,December,4,1259
706,2019-12-07,7,12,2019,December,4,1258
707,2019-12-08,8,12,2019,December,4,1257
708,2019-12-09,9,12,2019,December,4,1256
709,2019-12-10,10,12,2019,December,4,1255
710,2019-12-11,11,12,2019,December,4,1254
711,2019-12-12,12,12,2019,December,4,1253
712,2019-12-13,13,12,2019,December,4,1252
713,2019-12-14,14,12,2019,December,4,1251
714,2019-12-15,15,12,2019,December,4,1250
715,2019-12-16,16,12,2019,December,4,1249
716,2019-12-17,17,12,2019,December,4,1248
717,2019-12-18,18,12,2019,December,4,1247
718,2019-12-19,19,12,2019,December,4,1246
719,2019-12-20,20,12,2019,December,4,1245
720,2019-12-21,21,12,2019,December,4,1244
721,2019-12-22,22,12,2019,December,4,1243
722,2019-12-23,23,12,2019,December,4,1242
723,2019-12-24,24,12,2019,December,4,1241
724,2019-12-25,25,12,2019,December,4,1240
725,2019-12-26,26,12,2019,December,4,1239
726,2019-12-27,27,12,2019,December,4,1238
727,2019-12-28,28,12,2019,December,4,1237
728,2019-12-29,29,12,2019,December,4,1236
729,2019-12-30,30,12,2019,December,4,1235
730,2019-12-31,31,12,2019,December,4,1234
731,2020-01-01,1,1,2020,January,1,1233
732,2020-01-02,2,1,2020,January,1,1232
733,2020-01-03,3,1,2020,January,1,1231
734,2020-01-04,4,1,2020,January,1,1230
735,2020-01-05,5,1,2020,January,1,1229
736,2020-01-06,6,1,2020,January,1,1228
737,2020-01-07,7,1,2020,January,1,1227
738,2020-01-08,8,1,2020,January,1,1226
739,2020-01-09,9,1,2020,January,1,1225
740,2020-01-10,10,1,2020,January,1,1224
741,2020-01-11,11,1,2020,January,1,1223
742,2020-01-12,12,1,2020,January,1,1222
743,2020-01-13,13,1,2020,January,1,1221
744,2020-01-14,14,1,2020,January,1,1220
745,2020-01-15,15,1,2020,January,1,1219
746,2020-01-16,16,1,2020,January,1,1218
747,2020-01-17,17,1,2020,January,1,1217
748,2020-01-18,18,1,2020,January,1,1216
749,2020-01-19,19,1,2020,January,1,1215
750,2020-01-20,20,1,2020,January,1,1214
751,2020-01-21,21,1,2020,January,1,1213
752,2020-01-22,22,1,2020,January,1,1212
753,2020-01-23,23,1,2020,January,1,1211
754,2020-01-24,24,1,2020,January,1,1210
755,2020-01-25,25,1,2020,January,1,1209
756,2020-01-26,26,1,2020,January,1,1208
757,2020-01-27,27,1,2020,January,1,1207
758,2020-01-28,28,1,2020,January,1,1206
759,2020-01-29,29,1,2020,January,1,1205
760,2020-01-30,30,1,2020,January,1,1204
761,2020-01-31,31,1,2020,January,1,1203
762,2020-02-01,1,2,2020,February,1,1202
763,2020-02-02,2,2,2020,February,1,1201
764,2020-02-03,3,2,2020,February,1,1200
765,2020-02-04,4,2,2020,February,1,1199
766,2020-02-05,5,2,2020,February,1,1198
767,2020-02-06,6,2,2020,February,1,1197
768,2020-02-07,7,2,2020,February,1,1196
769,2020-02-08,8,2,2020,February,1,1195
770,2020-02-09,9,2,2020,February,1,1194
771,2020-02-10,10,2,2020,February,1,1193
772,2020-02-11,11,2,2020,February,1,1192
773,2020-02-12,12,2,2020,February,1,1191
774,2020-02-13,13,2,2020,February,1,1190
775,2020-02-14,14,2,2020,February,1,1189
776,2020-02-15,15,2,2020,February,1,1188
777,2020-02-16,16,2,2020,February,1,1187
778,2020-02-17,17,2,2020,February,1,1186
779,2020-02-18,18,2,2020,February,1,1185
780,2020-02-19,19,2,2020,February,1,1184
781,2020-02-20,20,2,2020,February,1,1183
782,2020-02-21,21,2,2020,February,1,1182
783,2020-02-22,22,2,2020,February,1,1181
784,2020-02-23,23,2,2020,February,1,1180
785,2020-02-24,24,2,2020,February,1,1179
786,2020-02-25,25,2,2020,February,1,1178
787,2020-02-26,26,2,2020,February,1,1177
788,2020-02-27,27,2,2020,February,1,1176
789,2020-02-28,28,2,2020,February,1,1175
790,2020-02-29,29,2,2020,February,1,1174
791,2020-03-01,1,3,2020,March,1,1173
792,2020-03-02,2,3,2020,March,1,1172
793,2020-03-03,3,3,2020,March,1,1171
794,2020-03-04,4,3,2020,March,1,1170
795,2020-03-05,5,3,2020,March,1,1169
796,2020-03-06,6,3,2020,March,1,1168
797,2020-03-07,7,3,2020,March,1,1167
798,2020-03-08,8,3,2020,March,1,1166
799,2020-03-09,9,3,2020,March,1,1165
800,2020-03-10,10,3,2020,March,1,1164
801,2020-03-11,11,3,2020,March,1,1163
802,2020-03-12,12,3,2020,March,1,1162
803,2020-03-13,13,3,2020,March,1,1161
804,2020-03-14,14,3,2020,March,1,1160
805,2020-03-15,15,3,2020,March,1,1159
806,2020-03-16,16,3,2020,March,1,1158
807,2020-03-17,17,3,2020,March,1,1157
808,2020-03-18,18,3,2020,March,1,1156
809,2020-03-19,19,3,2020,March,1,1155
810,2020-03-20,20,3,2020,March,1,1154
811,2020-03-21,21,3,2020,March,1,1153
812,2020-03-22,22,3,2020,March,1,1152
813,2020-03-23,23,3,2020,March,1,1151
814,2020-03-24,24,3,2020,March,1,1150
815,2020-03-25,25,3,2020,March,1,1149
816,2020-03-26,26,3,2020,March,1,1148
817,2020-03-27,27,3,2020,March,1,1147
818,2020-03-28,28,3,2020,March,1,1146
819,2020-03-29,29,3,2020,March,1,1145
820,2020-03-30,30,3,2020,March,1,1144
821,2020-03-31,31,3,2020,March,1,1143
822,2020-04-01,1,4,2020,April,2,1142
823,2020-04-02,2,4,2020,April,2,1141
824,2020-04-03,3,4,2020,April,2,1140
825,2020-04-04,4,4,2020,April,2,1139
826,2020-04-05,5,4,2020,April,2,1138
827,2020-04-06,6,4,2020,April,2,1137
828,2020-04-07,7,4,2020,April,2,1136
829,2020-04-08,8,4,2020,April,2,1135
830,2020-04-09,9,4,2020,April,2,1134
831,2020-04-10,10,4,2020,April,2,1133
832,2020-04-11,11,4,2020,April,2,1132
833,2020-04-12,12,4,2020,April,2,1131
834,2020-04-13,13,4,2020,April,2,1130
835,2020-04-14,14,4,2020,April,2,1129
836,2020-04-15,15,4,2020,April,2,1128
837,2020-04-16,16,4,2020,April,2,1127
838,2020-04-17,17,4,2020,April,2,1126
839,2020-04-18,18,4,2020,April,2,1125
840,2020-04-19,19,4,2020,April,2,1124
841,2020-04-20,20,4,2020,April,2,1123
842,2020-04-21,21,4,2020,April,2,1122
843,2020-04-22,22,4,2020,April,2,1121
844,2020-04-23,23,4,2020,April,2,1120
845,2020-04-24,24,4,2020,April,2,1119
846,2020-04-25,25,4,2020,April,2,1118
847,2020-04-26,26,4,2020,April,2,1117
848,2020-04-27,27,4,2020,April,2,1116
849,2020-04-28,28,4,2020,April,2,1115
850,2020-04-29,29,4,2020,April,2,1114
851,2020-04-30,30,4,2020,April,2,1113
852,2020-05-01,1,5,2020,May,2,1112
853,2020-05-02,2,5,2020,May,2,1111
854,2020-05-03,3,5,2020,May,2,1110
855,2020-05-04,4,5,2020,May,2,1109
856,2020-05-05,5,5,2020,May,2,1108
857,2020-05-06,6,5,2020,May,2,1107
858,2020-05-07,7,5,2020,May,2,1106
859,2020-05-08,8,5,2020,May,2,1105
860,2020-05-09,9,5,2020,May,2,1104
861,2020-05-10,10,5,2020,May,2,1103
862,2020-05-11,11,5,2020,May,2,1102
863,2020-05-12,12,5,2020,May,2,1101
864,2020-05-13,13,5,2020,May,2,1100
865,2020-05-14,14,5,2020,May,2,1099
866,2020-05-15,15,5,2020,May,2,1098
867,2020-05-16,16,5,2020,May,2,1097
868,2020-05-17,17,5,2020,May,2,1096
869,2020-05-18,18,5,2020,May,2,1095
870,2020-05-19,19,5,2020,May,2,1094
871,2020-05-20,20,5,2020,May,2,1093
872,2020-05-21,21,5,2020,May,2,1092
873,2020-05-22,22,5,2020,May,2,1091
874,2020-05-23,23,5,2020,May,2,1090
875,2020-05-24,24,5,2020,May,2,1089
876,2020-05-25,25,5,2020,May,2,1088
877,2020-05-26,26,5,2020,May,2,1087
878,2020-05-27,27,5,2020,May,2,1086
879,2020-05-28,28,5,2020,May,2,1085
880,2020-05-29,29,5,2020,May,2,1084
881,2020-05-30,30,5,2020,May,2,1083
882,2020-05-31,31,5,2020,May,2,1082
883,2020-06-01,1,6,2020,June,2,1081
884,2020-06-02,2,6,2020,June,2,1080
885,2020-06-03,3,6,2020,June,2,1079
886,2020-06-04,4,6,2020,June,2,1078
887,2020-06-05,5,6,2020,June,2,1077
888,2020-06-06,6,6,2020,June,2,1076
889,2020-06-07,7,6,2020,June,2,1075
890,2020-06-08,8,6,2020,June,2,1074
891,2020-06-09,9,6,2020,June,2,1073
892,2020-06-10,10,6,2020,June,2,1072
893,2020-06-11,11,6,2020,June,2,1071
894,2020-06-12,12,6,2020,June,2,1070
895,2020-06-13,13,6,2020,June,2,1069
896,2020-06-14,14,6,2020,June,2,1068
897,2020-06-15,15,6,2020,June,2,1067
898,2020-06-16,16,6,2020,June,2,1066
899,2020-06-17,17,6,2020,June,2,1065
900,2020-06-18,18,6,2020,June,2,1064
901,2020-06-19,19,6,2020,June,2,1063
902,2020-06-20,20,6,2020,June,2,1062
903,2020-06-21,21,6,2020,June,2,1061
904,2020-06-22,22,6,2020,June,2,1060
905,2020-06-23,23,6,2020,June,2,1059
906,2020-06-24,24,6,2020,June,2,1058
907,2020-06-25,25,6,2020,June,2,1057
908,2020-06-26,26,6,2020,June,2,1056
909,2020-06-27,27,6,2020,June,2,1055
910,2020-06-28,28,6,2020,June,2,1054
911,2020-06-29,29,6,2020,June,2,1053
912,2020-06-30,30,6,2020,June,2,1052
913,2020-07-01,1,7,2020,July,3,1051
914,2020-07-02,2,7,2020,July,3,1050
915,2020-07-03,3,7,2020,July,3,1049
916,2020-07-04,4,7,2020,July,3,1048
917,2020-07-05,5,7,2020,July,3,1047
918,2020-07-06,6,7,2020,July,3,1046
919,2020-07-07,7,7,2020,July,3,1045
920,2020-07-08,8,7,2020,July,3,1044
921,2020-07-09,9,7,2020,July,3,1043
922,2020-07-10,10,7,2020,July,3,1042
923,2020-07-11,11,7,2020,July,3,1041
924,2020-07-12,12,7,2020,July,3,1040
925,2020-07-13,13,7,2020,July,3,1039
926,2020-07-14,14,7,2020,July,3,1038
927,2020-07-15,15,7,2020,July,3,1037
928,2020-07-16,16,7,2020,July,3,1036
929,2020-07-17,17,7,2020,July,3,1035
930,2020-07-18,18,7,2020,July,3,1034
931,2020-07-19,19,7,2020,July,3,1033
932,2020-07-20,20,7,2020,July,3,1032
933,2020-07-21,21,7,2020,July,3,1031
934,2020-07-22,22,7,2020,July,3,1030
935,2020-07-23,23,7,2020,July,3,1029
936,2020-07-24,24,7,2020,July,3,1028
937,2020-07-25,25,7,2020,July,3,1027
938,2020-07-26,26,7,2020,July,3,1026
939,2020-07-27,27,7,2020,July,3,1025
940,2020-07-28,28,7,2020,July,3,1024
941,2020-07-29,29,7,2020,July,3,1023
942,2020-07-30,30,7,2020,July,3,1022
943,2020-07-31,31,7,2020,July,3,1021
944,2020-08-01,1,8,2020,August,3,1020
945,2020-08-02,2,8,2020,August,3,1019
946,2020-08-03,3,8,2020,August,3,1018
947,2020-08-04,4,8,2020,August,3,1017
948,2020-08-05,5,8,2020,August,3,1016
949,2020-08-06,6,8,2020,August,3,1015
950,2020-08-07,7,8,2020,August,3,1014
951,2020-08-08,8,8,2020,August,3,1013
952,2020-08-09,9,8,2020,August,3,1012
953,2020-08-10,10,8,2020,August,3,1011
954,2020-08-11,11,8,2020,August,3,1010
955,2020-08-12,12,8,2020,August,3,1009
956,2020-08-13,13,8,2020,August,3,1008
957,2020-08-14,14,8,2020,August,3,1007
958,2020-08-15,15,8,2020,August,3,1006
959,2020-08-16,16,8,2020,August,3,1005
960,2020-08-17,17,8,2020,August,3,1004
961,2020-08-18,18,8,2020,August,3,1003
962,2020-08-19,19,8,2020,August,3,1002
963,2020-08-20,20,8,2020,August,3,1001
964,2020-08-21,21,8,2020,August,3,1000
965,2020-08-22,22,8,2020,August,3,999
966,2020-08-23,23,8,2020,August,3,998
967,2020-08-24,24,8,2020,August,3,997
968,2020-08-25,25,8,2020,August,3,996
969,2020-08-26,26,8,2020,August,3,995
970,2020-08-27,27,8,2020,August,3,994
971,2020-08-28,28,8,2020,August,3,993
972,2020-08-29,29,8,2020,August,3,992
973,2020-08-30,30,8,2020,August,3,991
974,2020-08-31,31,8,2020,August,3,990
975,2020-09-01,1,9,2020,September,3,989
976,2020-09-02,2,9,2020,September,3,988
977,2020-09-03,3,9,2020,September,3,987
978,2020-09-04,4,9,2020,September,3,986
979,2020-09-05,5,9,2020,September,3,985
980,2020-09-06,6,9,2020,September,3,984
981,2020-09-07,7,9,2020,September,3,983
982,2020-09-08,8,9,2020,September,3,982
983,2020-09-09,9,9,2020,September,3,981
984,2020-09-10,10,9,2020,September,3,980
985,2020-09-11,11,9,2020,September,3,979
986,2020-09-12,12,9,2020,September,3,978
987,2020-09-13,13,9,2020,September,3,977
988,2020-09-14,14,9,2020,September,3,976
989,2020-09-15,15,9,2020,September,3,975
990,2020-09-16,16,9,2020,September,3,974
991,2020-09-17,17,9,2020,September,3,973
992,2020-09-18,18,9,2020,September,3,972
993,2020-09-19,19,9,2020,September,3,971
994,2020-09-20,20,9,2020,September,3,970
995,2020-09-21,21,9,2020,September,3,969
996,2020-09-22,22,9,2020,September,3,968
997,2020-09-23,23,9,2020,September,3,967
998,2020-09-24,24,9,2020,September,3,966
999,2020-09-25,25,9,2020,September,3,965
1000,2020-09-26,26,9,2020,September,3,964
1001,2020-09-27,27,9,2020,September,3,963
1002,2020-09-28,28,9,2020,September,3,962
1003,2020-09-29,29,9,2020,September,3,961
1004,2020-09-30,30,9,2020,September,3,960
1005,2020-10-01,1,10,2020,October,4,959
1006,2020-10-02,2,10,2020,October,4,958
1007,2020-10-03,3,10,2020,October,4,957
1008,2020-10-04,4,10,2020,October,4,956
1009,2020-10-05,5,10,2020,October,4,955
1010,2020-10-06,6,10,2020,October,4,954
1011,2020-10-07,7,10,2020,October,4,953
1012,2020-10-08,8,10,2020,October,4,952
1013,2020-10-09,9,10,2020,October,4,951
1014,2020-10-10,10,10,2020,October,4,950
1015,2020-10-11,11,10,2020,October,4,949
1016,2020-10-12,12,10,2020,October,4,948
1017,2020-10-13,13,10,2020,October,4,947
1018,2020-10-14,14,10,2020,October,4,946
1019,2020-10-15,15,10,2020,October,4,945
1020,2020-10-16,16,10,2020,October,4,944
1021,2020-10-17,17,10,2020,October,4,943
1022,2020-10-18,18,10,2020,October,4,942
1023,2020-10-19,19,10,2020,October,4,941
1024,2020-10-20,20,10,2020,October,4,940
1025,2020-10-21,21,10,2020,October,4,939
1026,2020-10-22,22,10,2020,October,4,938
1027,2020-10-23,23,10,2020,October,4,937
1028,2020-10-24,24,10,2020,October,4,936
1029,2020-10-25,25,10,2020,October,4,935
1030,2020-10-26,26,10,2020,October,4,934
1031,2020-10-27,27,10,2020,October,4,933
1032,2020-10-28,28,10,2020,October,4,932
1033,2020-10-29,29,10,2020,October,4,931
1034,2020-10-30,30,10,2020,October,4,930
1035,2020-10-31,31,10,2020,October,4,929
1036,2020-11-01,1,11,2020,November,4,928
1037,2020-11-02,2,11,2020,November,4,927
1038,2020-11-03,3,11,2020,November,4,926
1039,2020-11-04,4,11,2020,November,4,925
1040,2020-11-05,5,11,2020,November,4,924
1041,2020-11-06,6,11,2020,November,4,923
1042,2020-11-07,7,11,2020,November,4,922
1043,2020-11-08,8,11,2020,November,4,921
1044,2020-11-09,9,11,2020,November,4,920
1045,2020-11-10,10,11,2020,November,4,919
1046,2020-11-11,11,11,2020,November,4,918
1047,2020-11-12,12,11,2020,November,4,917
1048,2020-11-13,13,11,2020,November,4,916
1049,2020-11-14,14,11,2020,November,4,915
1050,2020-11-15,15,11,2020,November,4,914
1051,2020-11-16,16,11,2020,November,4,913
1052,2020-11-17,17,11,2020,November,4,912
1053,2020-11-18,18,11,2020,November,4,911
1054,2020-11-19,19,11,2020,November,4,910
1055,2020-11-20,20,11,2020,November,4,909
1056,2020-11-21,21,11,2020,November,4,908
1057,2020-11-22,22,11,2020,November,4,907
1058,2020-11-23,23,11,2020,November,4,906
1059,2020-11-24,24,11,2020,November,4,905
1060,2020-11-25,25,11,2020,November,4,904
1061,2020-11-26,26,11,2020,November,4,903
1062,2020-11-27,27,11,2020,November,4,902
1063,2020-11-28,28,11,2020,November,4,901
1064,2020-11-29,29,11,2020,November,4,900
1065,2020-11-30,30,11,2020,November,4,899
1066,2020-12-01,1,12,2020,December,4,898
1067,2020-12-02,2,12,2020,December,4,897
1068,2020-12-03,3,12,2020,December,4,896
1069,2020-12-04,4,12,2020,December,4,895
1070,2020-12-05,5,12,2020,December,4,894
1071,2020-12-06,6,12,2020,December,4,893
1072,2020-12-07,7,12,2020,December,4,892
1073,2020-12-08,8,12,2020,December,4,891
1074,2020-12-09,9,12,2020,December,4,890
1075,2020-12-10,10,12,2020,December,4,889
1076,2020-12-11,11,12,2020,December,4,888
1077,2020-12-12,12,12,2020,December,4,887
1078,2020-12-13,13,12,2020,December,4,886
1079,2020-12-14,14,12,2020,December,4,885
1080,2020-12-15,15,12,2020,December,4,884
1081,2020-12-16,16,12,2020,December,4,883
1082,2020-12-17,17,12,2020,December,4,882
1083,2020-12-18,18,12,2020,December,4,881
1084,2020-12-19,19,12,2020,December,4,880
1085,2020-12-20,20,12,2020,December,4,879
1086,2020-12-21,21,12,2020,December,4,878
1087,2020-12-22,22,12,2020,December,4,877
1088,2020-12-23,23,12,2020,December,4,876
1089,2020-12-24,24,12,2020,December,4,875
1090,2020-12-25,25,12,2020,December,4,874
1091,2020-12-26,26,12,2020,December,4,873
1092,2020-12-27,27,12,2020,December,4,872
1093,2020-12-28,28,12,2020,December,4,871
1094,2020-12-29,29,12,2020,December,4,870
1095,2020-12-30,30,12,2020,December,4,869
1096,2020-12-31,31,12,2020,December,4,868
1097,2021-01-01,1,1,2021,January,1,867
1098,2021-01-02,2,1,2021,January,1,866
1099,2021-01-03,3,1,2021,January,1,865
1100,2021-01-04,4,1,2021,January,1,864
1101,2021-01-05,5,1,2021,January,1,863
1102,2021-01-06,6,1,2021,January,1,862
1103,2021-01-07,7,1,2021,January,1,861
1104,2021-01-08,8,1,2021,January,1,860
1105,2021-01-09,9,1,2021,January,1,859
1106,2021-01-10,10,1,2021,January,1,858
1107,2021-01-11,11,1,2021,January,1,857
1108,2021-01-12,12,1,2021,January,1,856
1109,2021-01-13,13,1,2021,January,1,855
1110,2021-01-14,14,1,2021,January,1,854
1111,2021-01-15,15,1,2021,January,1,853
1112,2021-01-16,16,1,2021,January,1,852
1113,2021-01-17,17,1,2021,January,1,851
1114,2021-01-18,18,1,2021,January,1,850
1115,2021-01-19,19,1,2021,January,1,849
1116,2021-01-20,20,1,2021,January,1,848
1117,2021-01-21,21,1,2021,January,1,847
1118,2021-01-22,22,1,2021,January,1,846
1119,2021-01-23,23,1,2021,January,1,845
1120,2021-01-24,24,1,2021,January,1,844
1121,2021-01-25,25,1,2021,January,1,843
1122,2021-01-26,26,1,2021,January,1,842
1123,2021-01-27,27,1,2021,January,1,841
1124,2021-01-28,28,1,2021,January,1,840
1125,2021-01-29,29,1,2021,January,1,839
1126,2021-01-30,30,1,2021,January,1,838
1127,2021-01-31,31,1,2021,January,1,837
1128,2021-02-01,1,2,2021,February,1,836
1129,2021-02-02,2,2,2021,February,1,835
1130,2021-02-03,3,2,2021,February,1,834
1131,2021-02-04,4,2,2021,February,1,833
1132,2021-02-05,5,2,2021,February,1,832
1133,2021-02-06,6,2,2021,February,1,831
1134,2021-02-07,7,2,2021,February,1,830
1135,2021-02-08,8,2,2021,February,1,829
1136,2021-02-09,9,2,2021,February,1,828
1137,2021-02-10,10,2,2021,February,1,827
1138,2021-02-11,11,2,2021,February,1,826
1139,2021-02-12,12,2,2021,February,1,825
1140,2021-02-13,13,2,2021,February,1,824
1141,2021-02-14,14,2,2021,February,1,823
1142,2021-02-15,15,2,2021,February,1,822
1143,2021-02-16,16,2,2021,February,1,821
1144,2021-02-17,17,2,2021,February,1,820
1145,2021-02-18,18,2,2021,February,1,819
1146,2021-02-19,19,2,2021,February,1,818
1147,2021-02-20,20,2,2021,February,1,817
1148,2021-02-21,21,2,2021,February,1,816
1149,2021-02-22,22,2,2021,February,1,815
1150,2021-02-23,23,2,2021,February,1,814
1151,2021-02-24,24,2,2021,February,1,813
1152,2021-02-25,25,2,2021,February,1,812
1153,2021-02-26,26,2,2021,February,1,811
1154,2021-02-27,27,2,2021,February,1,810
1155,2021-02-28,28,2,2021,February,1,809
1156,2021-03-01,1,3,2021,March,1,808
1157,2021-03-02,2,3,2021,March,1,807
1158,2021-03-03,3,3,2021,March,1,806
1159,2021-03-04,4,3,2021,March,1,805
1160,2021-03-05,5,3,2021,March,1,804
1161,2021-03-06,6,3,2021,March,1,803
1162,2021-03-07,7,3,2021,March,1,802
1163,2021-03-08,8,3,2021,March,1,801
1164,2021-03-09,9,3,2021,March,1,800
1165,2021-03-10,10,3,2021,March,1,799
1166,2021-03-11,11,3,2021,March,1,798
1167,2021-03-12,12,3,2021,March,1,797
1168,2021-03-13,13,3,2021,March,1,796
1169,2021-03-14,14,3,2021,March,1,795
1170,2021-03-15,15,3,2021,March,1,794
1171,2021-03-16,16,3,2021,March,1,793
1172,2021-03-17,17,3,2021,March,1,792
1173,2021-03-18,18,3,2021,March,1,791
1174,2021-03-19,19,3,2021,March,1,790
1175,2021-03-20,20,3,2021,March,1,789
1176,2021-03-21,21,3,2021,March,1,788
1177,2021-03-22,22,3,2021,March,1,787
1178,2021-03-23,23,3,2021,March,1,786
1179,2021-03-24,24,3,2021,March,1,785
1180,2021-03-25,25,3,2021,March,1,784
1181,2021-03-26,26,3,2021,March,1,783
1182,2021-03-27,27,3,2021,March,1,782
1183,2021-03-28,28,3,2021,March,1,781
1184,2021-03-29,29,3,2021,March,1,780
1185,2021-03-30,30,3,2021,March,1,779
1186,2021-03-31,31,3,2021,March,1,778
1187,2021-04-01,1,4,2021,April,2,777
1188,2021-04-02,2,4,2021,April,2,776
1189,2021-04-03,3,4,2021,April,2,775
1190,2021-04-04,4,4,2021,April,2,774
1191,2021-04-05,5,4,2021,April,2,773
1192,2021-04-06,6,4,2021,April,2,772
1193,2021-04-07,7,4,2021,April,2,771
1194,2021-04-08,8,4,2021,April,2,770
1195,2021-04-09,9,4,2021,April,2,769
1196,2021-04-10,10,4,2021,April,2,768
1197,2021-04-11,11,4,2021,April,2,767
1198,2021-04-12,12,4,2021,April,2,766
1199,2021-04-13,13,4,2021,April,2,765
1200,2021-04-14,14,4,2021,April,2,764
1201,2021-04-15,15,4,2021,April,2,763
1202,2021-04-16,16,4,2021,April,2,762
1203,2021-04-17,17,4,2021,April,2,761
1204,2021-04-18,18,4,2021,April,2,760
1205,2021-04-19,19,4,2021,April,2,759
1206,2021-04-20,20,4,2021,April,2,758
1207,2021-04-21,21,4,2021,April,2,757
1208,2021-04-22,22,4,2021,April,2,756
1209,2021-04-23,23,4,2021,April,2,755
1210,2021-04-24,24,4,2021,April,2,754
1211,2021-04-25,25,4,2021,April,2,753
1212,2021-04-26,26,4,2021,April,2,752
1213,2021-04-27,27,4,2021,April,2,751
1214,2021-04-28,28,4,2021,April,2,750
1215,2021-04-29,29,4,2021,April,2,749
1216,2021-04-30,30,4,2021,April,2,748
1217,2021-05-01,1,5,2021,May,2,747
1218,2021-05-02,2,5,2021,May,2,746
1219,2021-05-03,3,5,2021,May,2,745
1220,2021-05-04,4,5,2021,May,2,744
1221,2021-05-05,5,5,2021,May,2,743
1222,2021-05-06,6,5,2021,May,2,742
1223,2021-05-07,7,5,2021,May,2,741
1224,2021-05-08,8,5,2021,May,2,740
1225,2021-05-09,9,5,2021,May,2,739
1226,2021-05-10,10,5,2021,May,2,738
1227,2021-05-11,11,5,2021,May,2,737
1228,2021-05-12,12,5,2021,May,2,736
1229,2021-05-13,13,5,2021,May,2,735
1230,2021-05-14,14,5,2021,May,2,734
1231,2021-05-15,15,5,2021,May,2,733
1232,2021-05-16,16,5,2021,May,2,732
1233,2021-05-17,17,5,2021,May,2,731
1234,2021-05-18,18,5,2021,May,2,730
1235,2021-05-19,19,5,2021,May,2,729
1236,2021-05-20,20,5,2021,May,2,728
1237,2021-05-21,21,5,2021,May,2,727
1238,2021-05-22,22,5,2021,May,2,726
1239,2021-05-23,23,5,2021,May,2,725
1240,2021-05-24,24,5,2021,May,2,724
1241,2021-05-25,25,5,2021,May,2,723
1242,2021-05-26,26,5,2021,May,2,722
1243,2021-05-27,27,5,2021,May,2,721
1244,2021-05-28,28,5,2021,May,2,720
1245,2021-05-29,29,5,2021,May,2,719
1246,2021-05-30,30,5,2021,May,2,718
1247,2021-05-31,31,5,2021,May,2,717
1248,2021-06-01,1,6,2021,June,2,716
1249,2021-06-02,2,6,2021,June,2,715
1250,2021-06-03,3,6,2021,June,2,714
1251,2021-06-04,4,6,2021,June,2,713
1252,2021-06-05,5,6,2021,June,2,712
1253,2021-06-06,6,6,2021,June,2,711
1254,2021-06-07,7,6,2021,June,2,710
1255,2021-06-08,8,6,2021,June,2,709
1256,2021-06-09,9,6,2021,June,2,708
1257,2021-06-10,10,6,2021,June,2,707
1258,2021-06-11,11,6,2021,June,2,706
1259,2021-06-12,12,6,2021,June,2,705
1260,2021-06-13,13,6,2021,June,2,704
1261,2021-06-14,14,6,2021,June,2,703
1262,2021-06-15,15,6,2021,June,2,702
1263,2021-06-16,16,6,2021,June,2,701
1264,2021-06-17,17,6,2021,June,2,700
1265,2021-06-18,18,6,2021,June,2,699
1266,2021-06-19,19,6,2021,June,2,698
1267,2021-06-20,20,6,2021,June,2,697
1268,2021-06-21,21,6,2021,June,2,696
1269,2021-06-22,22,6,2021,June,2,695
1270,2021-06-23,23,6,2021,June,2,694
1271,2021-06-24,24,6,2021,June,2,693
1272,2021-06-25,25,6,2021,June,2,692
1273,2021-06-26,26,6,2021,June,2,691
1274,2021-06-27,27,6,2021,June,2,690
1275,2021-06-28,28,6,2021,June,2,689
1276,2021-06-29,29,6,2021,June,2,688
1277,2021-06-30,30,6,2021,June,2,687
1278,2021-07-01,1,7,2021,July,3,686
1279,2021-07-02,2,7,2021,July,3,685
1280,2021-07-03,3,7,2021,July,3,684
1281,2021-07-04,4,7,2021,July,3,683
1282,2021-07-05,5,7,2021,July,3,682
1283,2021-07-06,6,7,2021,July,3,681
1284,2021-07-07,7,7,2021,July,3,680
1285,2021-07-08,8,7,2021,July,3,679
1286,2021-07-09,9,7,2021,July,3,678
1287,2021-07-10,10,7,2021,July,3,677
1288,2021-07-11,11,7,2021,July,3,676
1289,2021-07-12,12,7,2021,July,3,675
1290,2021-07-13,13,7,2021,July,3,674
1291,2021-07-14,14,7,2021,July,3,673
1292,2021-07-15,15,7,2021,July,3,672
1293,2021-07-16,16,7,2021,July,3,671
1294,2021-07-17,17,7,2021,July,3,670
1295,2021-07-18,18,7,2021,July,3,669
1296,2021-07-19,19,7,2021,July,3,668
1297,2021-07-20,20,7,2021,July,3,667
1298,2021-07-21,21,7,2021,July,3,666
1299,2021-07-22,22,7,2021,July,3,665
1300,2021-07-23,23,7,2021,July,3,664
1301,2021-07-24,24,7,2021,July,3,663
1302,2021-07-25,25,7,2021,July,3,662
1303,2021-07-26,26,7,2021,July,3,661
1304,2021-07-27,27,7,2021,July,3,660
1305,2021-07-28,28,7,2021,July,3,659
1306,2021-07-29,29,7,2021,July,3,658
1307,2021-07-30,30,7,2021,July,3,657
1308,2021-07-31,31,7,2021,July,3,656
1309,2021-08-01,1,8,2021,August,3,655
1310,2021-08-02,2,8,2021,August,3,654
1311,2021-08-03,3,8,2021,August,3,653
1312,2021-08-04,4,8,2021,August,3,652
1313,2021-08-05,5,8,2021,August,3,651
1314,2021-08-06,6,8,2021,August,3,650
1315,2021-08-07,7,8,2021,August,3,649
1316,2021-08-08,8,8,2021,August,3,648
1317,2021-08-09,9,8,2021,August,3,647
1318,2021-08-10,10,8,2021,August,3,646
1319,2021-08-11,11,8,2021,August,3,645
1320,2021-08-12,12,8,2021,August,3,644
1321,2021-08-13,13,8,2021,August,3,643
1322,2021-08-14,14,8,2021,August,3,642
1323,2021-08-15,15,8,2021,August,3,641
1324,2021-08-16,16,8,2021,August,3,640
1325,2021-08-17,17,8,2021,August,3,639
1326,2021-08-18,18,8,2021,August,3,638
1327,2021-08-19,19,8,2021,August,3,637
1328,2021-08-20,20,8,2021,August,3,636
1329,2021-08-21,21,8,2021,August,3,635
1330,2021-08-22,22,8,2021,August,3,634
1331,2021-08-23,23,8,2021,August,3,633
1332,2021-08-24,24,8,2021,August,3,632
1333,2021-08-25,25,8,2021,August,3,631
1334,2021-08-26,26,8,2021,August,3,630
1335,2021-08-27,27,8,2021,August,3,629
1336,2021-08-28,28,8,2021,August,3,628
1337,2021-08-29,29,8,2021,August,3,627
1338,2021-08-30,30,8,2021,August,3,626
1339,2021-08-31,31,8,2021,August,3,625
1340,2021-09-01,1,9,2021,September,3,624
1341,2021-09-02,2,9,2021,September,3,623
1342,2021-09-03,3,9,2021,September,3,622
1343,2021-09-04,4,9,2021,September,3,621
1344,2021-09-05,5,9,2021,September,3,620
1345,2021-09-06,6,9,2021,September,3,619
1346,2021-09-07,7,9,2021,September,3,618
1347,2021-09-08,8,9,2021,September,3,617
1348,2021-09-09,9,9,2021,September,3,616
1349,2021-09-10,10,9,2021,September,3,615
1350,2021-09-11,11,9,2021,September,3,614
1351,2021-09-12,12,9,2021,September,3,613
1352,2021-09-13,13,9,2021,September,3,612
1353,2021-09-14,14,9,2021,September,3,611
1354,2021-09-15,15,9,2021,September,3,610
1355,2021-09-16,16,9,2021,September,3,609
1356,2021-09-17,17,9,2021,September,3,608
1357,2021-09-18,18,9,2021,September,3,607
1358,2021-09-19,19,9,2021,September,3,606
1359,2021-09-20,20,9,2021,September,3,605
1360,2021-09-21,21,9,2021,September,3,604
1361,2021-09-22,22,9,2021,September,3,603
1362,2021-09-23,23,9,2021,September,3,602
1363,2021-09-24,24,9,2021,September,3,601
1364,2021-09-25,25,9,2021,September,3,600
1365,2021-09-26,26,9,2021,September,3,599
1366,2021-09-27,27,9,2021,September,3,598
1367,2021-09-28,28,9,2021,September,3,597
1368,2021-09-29,29,9,2021,September,3,596
1369,2021-09-30,30,9,2021,September,3,595
1370,2021-10-01,1,10,2021,October,4,594
1371,2021-10-02,2,10,2021,October,4,593
1372,2021-10-03,3,10,2021,October,4,592
1373,2021-10-04,4,10,2021,October,4,591
1374,2021-10-05,5,10,2021,October,4,590
1375,2021-10-06,6,10,2021,October,4,589
1376,2021-10-07,7,10,2021,October,4,588
1377,2021-10-08,8,10,2021,October,4,587
1378,2021-10-09,9,10,2021,October,4,586
1379,2021-10-10,10,10,2021,October,4,585
1380,2021-10-11,11,10,2021,October,4,584
1381,2021-10-12,12,10,2021,October,4,583
1382,2021-10-13,13,10,2021,October,4,582
1383,2021-10-14,14,10,2021,October,4,581
1384,2021-10-15,15,10,2021,October,4,580
1385,2021-10-16,16,10,2021,October,4,579
1386,2021-10-17,17,10,2021,October,4,578
1387,2021-10-18,18,10,2021,October,4,577
1388,2021-10-19,19,10,2021,October,4,576
1389,2021-10-20,20,10,2021,October,4,575
1390,2021-10-21,21,10,2021,October,4,574
1391,2021-10-22,22,10,2021,October,4,573
1392,2021-10-23,23,10,2021,October,4,572
1393,2021-10-24,24,10,2021,October,4,571
1394,2021-10-25,25,10,2021,October,4,570
1395,2021-10-26,26,10,2021,October,4,569
1396,2021-10-27,27,10,2021,October,4,568
1397,2021-10-28,28,10,2021,October,4,567
1398,2021-10-29,29,10,2021,October,4,566
1399,2021-10-30,30,10,2021,October,4,565
1400,2021-10-31,31,10,2021,October,4,564
1401,2021-11-01,1,11,2021,November,4,563
1402,2021-11-02,2,11,2021,November,4,562
1403,2021-11-03,3,11,2021,November,4,561
1404,2021-11-04,4,11,2021,November,4,560
1405,2021-11-05,5,11,2021,November,4,559
1406,2021-11-06,6,11,2021,November,4,558
1407,2021-11-07,7,11,2021,November,4,557
1408,2021-11-08,8,11,2021,November,4,556
1409,2021-11-09,9,11,2021,November,4,555
1410,2021-11-10,10,11,2021,November,4,554
1411,2021-11-11,11,11,2021,November,4,553
1412,2021-11-12,12,11,2021,November,4,552
1413,2021-11-13,13,11,2021,November,4,551
1414,2021-11-14,14,11,2021,November,4,550
1415,2021-11-15,15,11,2021,November,4,549
1416,2021-11-16,16,11,2021,November,4,548
1417,2021-11-17,17,11,2021,November,4,547
1418,2021-11-18,18,11,2021,November,4,546
1419,2021-11-19,19,11,2021,November,4,545
1420,2021-11-20,20,11,2021,November,4,544
1421,2021-11-21,21,11,2021,November,4,543
1422,2021-11-22,22,11,2021,November,4,542
1423,2021-11-23,23,11,2021,November,4,541
1424,2021-11-24,24,11,2021,November,4,540
1425,2021-11-25,25,11,2021,November,4,539
1426,2021-11-26,26,11,2021,November,4,538
1427,2021-11-27,27,11,2021,November,4,537
1428,2021-11-28,28,11,2021,November,4,536
1429,2021-11-29,29,11,2021,November,4,535
1430,2021-11-30,30,11,2021,November,4,534
1431,2021-12-01,1,12,2021,December,4,533
1432,2021-12-02,2,12,2021,December,4,532
1433,2021-12-03,3,12,2021,December,4,531
1434,2021-12-04,4,12,2021,December,4,530
1435,2021-12-05,5,12,2021,December,4,529
1436,2021-12-06,6,12,2021,December,4,528
1437,2021-12-07,7,12,2021,December,4,527
1438,2021-12-08,8,12,2021,December,4,526
1439,2021-12-09,9,12,2021,December,4,525
1440,2021-12-10,10,12,2021,December,4,524
1441,2021-12-11,11,12,2021,December,4,523
1442,2021-12-12,12,12,2021,December,4,522
1443,2021-12-13,13,12,2021,December,4,521
1444,2021-12-14,14,12,2021,December,4,520
1445,2021-12-15,15,12,2021,December,4,519
1446,2021-12-16,16,12,2021,December,4,518
1447,2021-12-17,17,12,2021,December,4,517
1448,2021-12-18,18,12,2021,December,4,516
1449,2021-12-19,19,12,2021,December,4,515
1450,2021-12-20,20,12,2021,December,4,514
1451,2021-12-21,21,12,2021,December,4,513
1452,2021-12-22,22,12,2021,December,4,512
1453,2021-12-23,23,12,2021,December,4,511
1454,2021-12-24,24,12,2021,December,4,510
1455,2021-12-25,25,12,2021,December,4,509
1456,2021-12-26,26,12,2021,December,4,508
1457,2021-12-27,27,12,2021,December,4,507
1458,2021-12-28,28,12,2021,December,4,506
1459,2021-12-29,29,12,2021,December,4,505
1460,2021-12-30,30,12,2021,December,4,504
1461,2021-12-31,31,12,2021,December,4,503
1462,2022-01-01,1,1,2022,January,1,502
1463,2022-01-02,2,1,2022,January,1,501
1464,2022-01-03,3,1,2022,January,1,500
1465,2022-01-04,4,1,2022,January,1,499
1466,2022-01-05,5,1,2022,January,1,498
1467,2022-01-06,6,1,2022,January,1,497
1468,2022-01-07,7,1,2022,January,1,496
1469,2022-01-08,8,1,2022,January,1,495
1470,2022-01-09,9,1,2022,January,1,494
1471,2022-01-10,10,1,2022,January,1,493
1472,2022-01-11,11,1,2022,January,1,492
1473,2022-01-12,12,1,2022,January,1,491
1474,2022-01-13,13,1,2022,January,1,490
1475,2022-01-14,14,1,2022,January,1,489
1476,2022-01-15,15,1,2022,January,1,488
1477,2022-01-16,16,1,2022,January,1,487
1478,2022-01-17,17,1,2022,January,1,486
1479,2022-01-18,18,1,2022,January,1,485
1480,2022-01-19,19,1,2022,January,1,484
1481,2022-01-20,20,1,2022,January,1,483
1482,2022-01-21,21,1,2022,January,1,482
1483,2022-01-22,22,1,2022,January,1,481
1484,2022-01-23,23,1,2022,January,1,480
1485,2022-01-24,24,1,2022,January,1,479
1486,2022-01-25,25,1,2022,January,1,478
1487,2022-01-26,26,1,2022,January,1,477
1488,2022-01-27,27,1,2022,January,1,476
1489,2022-01-28,28,1,2022,January,1,475
1490,2022-01-29,29,1,2022,January,1,474
1491,2022-01-30,30,1,2022,January,1,473
1492,2022-01-31,31,1,2022,January,1,472
1493,2022-02-01,1,2,2022,February,1,471
1494,2022-02-02,2,2,2022,February,1,470
1495,2022-02-03,3,2,2022,February,1,469
1496,2022-02-04,4,2,2022,February,1,468
1497,2022-02-05,5,2,2022,February,1,467
1498,2022-02-06,6,2,2022,February,1,466
1499,2022-02-07,7,2,2022,February,1,465
1500,2022-02-08,8,2,2022,February,1,464
1501,2022-02-09,9,2,2022,February,1,463
1502,2022-02-10,10,2,2022,February,1,462
1503,2022-02-11,11,2,2022,February,1,461
1504,2022-02-12,12,2,2022,February,1,460
1505,2022-02-13,13,2,2022,February,1,459
1506,2022-02-14,14,2,2022,February,1,458
1507,2022-02-15,15,2,2022,February,1,457
1508,2022-02-16,16,2,2022,February,1,456
1509,2022-02-17,17,2,2022,February,1,455
1510,2022-02-18,18,2,2022,February,1,454
1511,2022-02-19,19,2,2022,February,1,453
1512,2022-02-20,20,2,2022,February,1,452
1513,2022-02-21,21,2,2022,February,1,451
1514,2022-02-22,22,2,2022,February,1,450
1515,2022-02-23,23,2,2022,February,1,449
1516,2022-02-24,24,2,2022,February,1,448
1517,2022-02-25,25,2,2022,February,1,447
1518,2022-02-26,26,2,2022,February,1,446
1519,2022-02-27,27,2,2022,February,1,445
1520,2022-02-28,28,2,2022,February,1,444
1521,2022-03-01,1,3,2022,March,1,443
1522,2022-03-02,2,3,2022,March,1,442
1523,2022-03-03,3,3,2022,March,1,441
1524,2022-03-04,4,3,2022,March,1,440
1525,2022-03-05,5,3,2022,March,1,439
1526,2022-03-06,6,3,2022,March,1,438
1527,2022-03-07,7,3,2022,March,1,437
1528,2022-03-08,8,3,2022,March,1,436
1529,2022-03-09,9,3,2022,March,1,435
1530,2022-03-10,10,3,2022,March,1,434
1531,2022-03-11,11,3,2022,March,1,433
1532,2022-03-12,12,3,2022,March,1,432
1533,2022-03-13,13,3,2022,March,1,431
1534,2022-03-14,14,3,2022,March,1,430
1535,2022-03-15,15,3,2022,March,1,429
1536,2022-03-16,16,3,2022,March,1,428
1537,2022-03-17,17,3,2022,March,1,427
1538,2022-03-18,18,3,2022,March,1,426
1539,2022-03-19,19,3,2022,March,1,425
1540,2022-03-20,20,3,2022,March,1,424
1541,2022-03-21,21,3,2022,March,1,423
1542,2022-03-22,22,3,2022,March,1,422
1543,2022-03-23,23,3,2022,March,1,421
1544,2022-03-24,24,3,2022,March,1,420
1545,2022-03-25,25,3,2022,March,1,419
1546,2022-03-26,26,3,2022,March,1,418
1547,2022-03-27,27,3,2022,March,1,417
1548,2022-03-28,28,3,2022,March,1,416
1549,2022-03-29,29,3,2022,March,1,415
1550,2022-03-30,30,3,2022,March,1,414
1551,2022-03-31,31,3,2022,March,1,413
1552,2022-04-01,1,4,2022,April,2,412
1553,2022-04-02,2,4,2022,April,2,411
1554,2022-04-03,3,4,2022,April,2,410
1555,2022-04-04,4,4,2022,April,2,409
1556,2022-04-05,5,4,2022,April,2,408
1557,2022-04-06,6,4,2022,April,2,407
1558,2022-04-07,7,4,2022,April,2,406
1559,2022-04-08,8,4,2022,April,2,405
1560,2022-04-09,9,4,2022,April,2,404
1561,2022-04-10,10,4,2022,April,2,403
1562,2022-04-11,11,4,2022,April,2,402
1563,2022-04-12,12,4,2022,April,2,401
1564,2022-04-13,13,4,2022,April,2,400
1565,2022-04-14,14,4,2022,April,2,399
1566,2022-04-15,15,4,2022,April,2,398
1567,2022-04-16,16,4,2022,April,2,397
1568,2022-04-17,17,4,2022,April,2,396
1569,2022-04-18,18,4,2022,April,2,395
1570,2022-04-19,19,4,2022,April,2,394
1571,2022-04-20,20,4,2022,April,2,393
1572,2022-04-21,21,4,2022,April,2,392
1573,2022-04-22,22,4,2022,April,2,391
1574,2022-04-23,23,4,2022,April,2,390
1575,2022-04-24,24,4,2022,April,2,389
1576,2022-04-25,25,4,2022,April,2,388
1577,2022-04-26,26,4,2022,April,2,387
1578,2022-04-27,27,4,2022,April,2,386
1579,2022-04-28,28,4,2022,April,2,385
1580,2022-04-29,29,4,2022,April,2,384
1581,2022-04-30,30,4,2022,April,2,383
1582,2022-05-01,1,5,2022,May,2,382
1583,2022-05-02,2,5,2022,May,2,381
1584,2022-05-03,3,5,2022,May,2,380
1585,2022-05-04,4,5,2022,May,2,379
1586,2022-05-05,5,5,2022,May,2,378
1587,2022-05-06,6,5,2022,May,2,377
1588,2022-05-07,7,5,2022,May,2,376
1589,2022-05-08,8,5,2022,May,2,375
1590,2022-05-09,9,5,2022,May,2,374
1591,2022-05-10,10,5,2022,May,2,373
1592,2022-05-11,11,5,2022,May,2,372
1593,2022-05-12,12,5,2022,May,2,371
1594,2022-05-13,13,5,2022,May,2,370
1595,2022-05-14,14,5,2022,May,2,369
1596,2022-05-15,15,5,2022,May,2,368
1597,2022-05-16,16,5,2022,May,2,367
1598,2022-05-17,17,5,2022,May,2,366
1599,2022-05-18,18,5,2022,May,2,365
1600,2022-05-19,19,5,2022,May,2,364
1601,2022-05-20,20,5,2022,May,2,363
1602,2022-05-21,21,5,2022,May,2,362
1603,2022-05-22,22,5,2022,May,2,361
1604,2022-05-23,23,5,2022,May,2,360
1605,2022-05-24,24,5,2022,May,2,359
1606,2022-05-25,25,5,2022,May,2,358
1607,2022-05-26,26,5,2022,May,2,357
1608,2022-05-27,27,5,2022,May,2,356
1609,2022-05-28,28,5,2022,May,2,355
1610,2022-05-29,29,5,2022,May,2,354
1611,2022-05-30,30,5,2022,May,2,353
1612,2022-05-31,31,5,2022,May,2,352
1613,2022-06-01,1,6,2022,June,2,351
1614,2022-06-02,2,6,2022,June,2,350
1615,2022-06-03,3,6,2022,June,2,349
1616,2022-06-04,4,6,2022,June,2,348
1617,2022-06-05,5,6,2022,June,2,347
1618,2022-06-06,6,6,2022,June,2,346
1619,2022-06-07,7,6,2022,June,2,345
1620,2022-06-08,8,6,2022,June,2,344
1621,2022-06-09,9,6,2022,June,2,343
1622,2022-06-10,10,6,2022,June,2,342
1623,2022-06-11,11,6,2022,June,2,341
1624,2022-06-12,12,6,2022,June,2,340
1625,2022-06-13,13,6,2022,June,2,339
1626,2022-06-14,14,6,2022,June,2,338
1627,2022-06-15,15,6,2022,June,2,337
1628,2022-06-16,16,6,2022,June,2,336
1629,2022-06-17,17,6,2022,June,2,335
1630,2022-06-18,18,6,2022,June,2,334
1631,2022-06-19,19,6,2022,June,2,333
1632,2022-06-20,20,6,2022,June,2,332
1633,2022-06-21,21,6,2022,June,2,331
1634,2022-06-22,22,6,2022,June,2,330
1635,2022-06-23,23,6,2022,June,2,329
1636,2022-06-24,24,6,2022,June,2,328
1637,2022-06-25,25,6,2022,June,2,327
1638,2022-06-26,26,6,2022,June,2,326
1639,2022-06-27,27,6,2022,June,2,325
1640,2022-06-28,28,6,2022,June,2,324
1641,2022-06-29,29,6,2022,June,2,323
1642,2022-06-30,30,6,2022,June,2,322
1643,2022-07-01,1,7,2022,July,3,321
1644,2022-07-02,2,7,2022,July,3,320
1645,2022-07-03,3,7,2022,July,3,319
1646,2022-07-04,4,7,2022,July,3,318
1647,2022-07-05,5,7,2022,July,3,317
1648,2022-07-06,6,7,2022,July,3,316
1649,2022-07-07,7,7,2022,July,3,315
1650,2022-07-08,8,7,2022,July,3,314
1651,2022-07-09,9,7,2022,July,3,313
1652,2022-07-10,10,7,2022,July,3,312
1653,2022-07-11,11,7,2022,July,3,311
1654,2022-07-12,12,7,2022,July,3,310
1655,2022-07-13,13,7,2022,July,3,309
1656,2022-07-14,14,7,2022,July,3,308
1657,2022-07-15,15,7,2022,July,3,307
1658,2022-07-16,16,7,2022,July,3,306
1659,2022-07-17,17,7,2022,July,3,305
1660,2022-07-18,18,7,2022,July,3,304
1661,2022-07-19,19,7,2022,July,3,303
1662,2022-07-20,20,7,2022,July,3,302
1663,2022-07-21,21,7,2022,July,3,301
1664,2022-07-22,22,7,2022,July,3,300
1665,2022-07-23,23,7,2022,July,3,299
1666,2022-07-24,24,7,2022,July,3,298
1667,2022-07-25,25,7,2022,July,3,297
1668,2022-07-26,26,7,2022,July,3,296
1669,2022-07-27,27,7,2022,July,3,295
1670,2022-07-28,28,7,2022,July,3,294
1671,2022-07-29,29,7,2022,July,3,293
1672,2022-07-30,30,7,2022,July,3,292
1673,2022-07-31,31,7,2022,July,3,291
1674,2022-08-01,1,8,2022,August,3,290
1675,2022-08-02,2,8,2022,August,3,289
1676,2022-08-03,3,8,2022,August,3,288
1677,2022-08-04,4,8,2022,August,3,287
1678,2022-08-05,5,8,2022,August,3,286
1679,2022-08-06,6,8,2022,August,3,285
1680,2022-08-07,7,8,2022,August,3,284
1681,2022-08-08,8,8,2022,August,3,283
1682,2022-08-09,9,8,2022,August,3,282
1683,2022-08-10,10,8,2022,August,3,281
1684,2022-08-11,11,8,2022,August,3,280
1685,2022-08-12,12,8,2022,August,3,279
1686,2022-08-13,13,8,2022,August,3,278
1687,2022-08-14,14,8,2022,August,3,277
1688,2022-08-15,15,8,2022,August,3,276
1689,2022-08-16,16,8,2022,August,3,275
1690,2022-08-17,17,8,2022,August,3,274
1691,2022-08-18,18,8,2022,August,3,273
1692,2022-08-19,19,8,2022,August,3,272
1693,2022-08-20,20,8,2022,August,3,271
1694,2022-08-21,21,8,2022,August,3,270
1695,2022-08-22,22,8,2022,August,3,269
1696,2022-08-23,23,8,2022,August,3,268
1697,2022-08-24,24,8,2022,August,3,267
1698,2022-08-25,25,8,2022,August,3,266
1699,2022-08-26,26,8,2022,August,3,265
1700,2022-08-27,27,8,2022,August,3,264
1701,2022-08-28,28,8,2022,August,3,263
1702,2022-08-29,29,8,2022,August,3,262
1703,2022-08-30,30,8,2022,August,3,261
1704,2022-08-31,31,8,2022,August,3,260
1705,2022-09-01,1,9,2022,September,3,259
1706,2022-09-02,2,9,2022,September,3,258
1707,2022-09-03,3,9,2022,September,3,257
1708,2022-09-04,4,9,2022,September,3,256
1709,2022-09-05,5,9,2022,September,3,255
1710,2022-09-06,6,9,2022,September,3,254
1711,2022-09-07,7,9,2022,September,3,253
1712,2022-09-08,8,9,2022,September,3,252
1713,2022-09-09,9,9,2022,September,3,251
1714,2022-09-10,10,9,2022,September,3,250
1715,2022-09-11,11,9,2022,September,3,249
1716,2022-09-12,12,9,2022,September,3,248
1717,2022-09-13,13,9,2022,September,3,247
1718,2022-09-14,14,9,2022,September,3,246
1719,2022-09-15,15,9,2022,September,3,245
1720,2022-09-16,16,9,2022,September,3,244
1721,2022-09-17,17,9,2022,September,3,243
1722,2022-09-18,18,9,2022,September,3,242
1723,2022-09-19,19,9,2022,September,3,241
1724,2022-09-20,20,9,2022,September,3,240
1725,2022-09-21,21,9,2022,September,3,239
1726,2022-09-22,22,9,2022,September,3,238
1727,2022-09-23,23,9,2022,September,3,237
1728,2022-09-24,24,9,2022,September,3,236
1729,2022-09-25,25,9,2022,September,3,235
1730,2022-09-26,26,9,2022,September,3,234
1731,2022-09-27,27,9,2022,September,3,233
1732,2022-09-28,28,9,2022,September,3,232
1733,2022-09-29,29,9,2022,September,3,231
1734,2022-09-30,30,9,2022,September,3,230
1735,2022-10-01,1,10,2022,October,4,229
1736,2022-10-02,2,10,2022,October,4,228
1737,2022-10-03,3,10,2022,October,4,227
1738,2022-10-04,4,10,2022,October,4,226
1739,2022-10-05,5,10,2022,October,4,225
1740,2022-10-06,6,10,2022,October,4,224
1741,2022-10-07,7,10,2022,October,4,223
1742,2022-10-08,8,10,2022,October,4,222
1743,2022-10-09,9,10,2022,October,4,221
1744,2022-10-10,10,10,2022,October,4,220
1745,2022-10-11,11,10,2022,October,4,219
1746,2022-10-12,12,10,2022,October,4,218
1747,2022-10-13,13,10,2022,October,4,217
1748,2022-10-14,14,10,2022,October,4,216
1749,2022-10-15,15,10,2022,October,4,215
1750,2022-10-16,16,10,2022,October,4,214
1751,2022-10-17,17,10,2022,October,4,213
1752,2022-10-18,18,10,2022,October,4,212
1753,2022-10-19,19,10,2022,October,4,211
1754,2022-10-20,20,10,2022,October,4,210
1755,2022-10-21,21,10,2022,October,4,209
1756,2022-10-22,22,10,2022,October,4,208
1757,2022-10-23,23,10,2022,October,4,207
1758,2022-10-24,24,10,2022,October,4,206
1759,2022-10-25,25,10,2022,October,4,205
1760,2022-10-26,26,10,2022,October,4,204
1761,2022-10-27,27,10,2022,October,4,203
1762,2022-10-28,28,10,2022,October,4,202
1763,2022-10-29,29,10,2022,October,4,201
1764,2022-10-30,30,10,2022,October,4,200
1765,2022-10-31,31,10,2022,October,4,199
1766,2022-11-01,1,11,2022,November,4,198
1767,2022-11-02,2,11,2022,November,4,197
1768,2022-11-03,3,11,2022,November,4,196
1769,2022-11-04,4,11,2022,November,4,195
1770,2022-11-05,5,11,2022,November,4,194
1771,2022-11-06,6,11,2022,November,4,193
1772,2022-11-07,7,11,2022,November,4,192
1773,2022-11-08,8,11,2022,November,4,191
1774,2022-11-09,9,11,2022,November,4,190
1775,2022-11-10,10,11,2022,November,4,189
1776,2022-11-11,11,11,2022,November,4,188
1777,2022-11-12,12,11,2022,November,4,187
1778,2022-11-13,13,11,2022,November,4,186
1779,2022-11-14,14,11,2022,November,4,185
1780,2022-11-15,15,11,2022,November,4,184
1781,2022-11-16,16,11,2022,November,4,183
1782,2022-11-17,17,11,2022,November,4,182
1783,2022-11-18,18,11,2022,November,4,181
1784,2022-11-19,19,11,2022,November,4,180
1785,2022-11-20,20,11,2022,November,4,179
1786,2022-11-21,21,11,2022,November,4,178
1787,2022-11-22,22,11,2022,November,4,177
1788,2022-11-23,23,11,2022,November,4,176
1789,2022-11-24,24,11,2022,November,4,175
1790,2022-11-25,25,11,2022,November,4,174
1791,2022-11-26,26,11,2022,November,4,173
1792,2022-11-27,27,11,2022,November,4,172
1793,2022-11-28,28,11,2022,November,4,171
1794,2022-11-29,29,11,2022,November,4,170
1795,2022-11-30,30,11,2022,November,4,169
1796,2022-12-01,1,12,2022,December,4,168
1797,2022-12-02,2,12,2022,December,4,167
1798,2022-12-03,3,12,2022,December,4,166
1799,2022-12-04,4,12,2022,December,4,165
1800,2022-12-05,5,12,2022,December,4,164
1801,2022-12-06,6,12,2022,December,4,163
1802,2022-12-07,7,12,2022,December,4,162
1803,2022-12-08,8,12,2022,December,4,161
1804,2022-12-09,9,12,2022,December,4,160
1805,2022-12-10,10,12,2022,December,4,159
1806,2022-12-11,11,12,2022,December,4,158
1807,2022-12-12,12,12,2022,December,4,157
1808,2022-12-13,13,12,2022,December,4,156
1809,2022-12-14,14,12,2022,December,4,155
1810,2022-12-15,15,12,2022,December,4,154
1811,2022-12-16,16,12,2022,December,4,153
1812,2022-12-17,17,12,2022,December,4,152
1813,2022-12-18,18,12,2022,December,4,151
1814,2022-12-19,19,12,2022,December,4,150
1815,2022-12-20,20,12,2022,December,4,149
1816,2022-12-21,21,12,2022,December,4,148
1817,2022-12-22,22,12,2022,December,4,147
1818,2022-12-23,23,12,2022,December,4,146
1819,2022-12-24,24,12,2022,December,4,145
1820,2022-12-25,25,12,2022,December,4,144
1821,2022-12-26,26,12,2022,December,4,143
1822,2022-12-27,27,12,2022,December,4,142
1823,2022-12-28,28,12,2022,December,4,141
1824,2022-12-29,29,12,2022,December,4,140
1825,2022-12-30,30,12,2022,December,4,139
1826,2022-12-31,31,12,2022,December,4,138
1827,2023-01-01,1,1,2023,January,1,137
1828,2023-01-02,2,1,2023,January,1,136
1829,2023-01-03,3,1,2023,January,1,135
1830,2023-01-04,4,1,2023,January,1,134
1831,2023-01-05,5,1,2023,January,1,133
1832,2023-01-06,6,1,2023,January,1,132
1833,2023-01-07,7,1,2023,January,1,131
1834,2023-01-08,8,1,2023,January,1,130
1835,2023-01-09,9,1,2023,January,1,129
1836,2023-01-10,10,1,2023,January,1,128
1837,2023-01-11,11,1,2023,January,1,127
1838,2023-01-12,12,1,2023,January,1,126
1839,2023-01-13,13,1,2023,January,1,125
1840,2023-01-14,14,1,2023,January,1,124
1841,2023-01-15,15,1,2023,January,1,123
1842,2023-01-16,16,1,2023,January,1,122
1843,2023-01-17,17,1,2023,January,1,121
1844,2023-01-18,18,1,2023,January,1,120
1845,2023-01-19,19,1,2023,January,1,119
1846,2023-01-20,20,1,2023,January,1,118
1847,2023-01-21,21,1,2023,January,1,117
1848,2023-01-22,22,1,2023,January,1,116
1849,2023-01-23,23,1,2023,January,1,115
1850,2023-01-24,24,1,2023,January,1,114
1851,2023-01-25,25,1,2023,January,1,113
1852,2023-01-26,26,1,2023,January,1,112
1853,2023-01-27,27,1,2023,January,1,111
1854,2023-01-28,28,1,2023,January,1,110
1855,2023-01-29,29,1,2023,January,1,109
1856,2023-01-30,30,1,2023,January,1,108
1857,2023-01-31,31,1,2023,January,1,107
1858,2023-02-01,1,2,2023,February,1,106
1859,2023-02-02,2,2,2023,February,1,105
1860,2023-02-03,3,2,2023,February,1,104
1861,2023-02-04,4,2,2023,February,1,103
1862,2023-02-05,5,2,2023,February,1,102
1863,2023-02-06,6,2,2023,February,1,101
1864,2023-02-07,7,2,2023,February,1,100
1865,2023-02-08,8,2,2023,February,1,99
1866,2023-02-09,9,2,2023,February,1,98
1867,2023-02-10,10,2,2023,February,1,97
1868,2023-02-11,11,2,2023,February,1,96
1869,2023-02-12,12,2,2023,February,1,95
1870,2023-02-13,13,2,2023,February,1,94
1871,2023-02-14,14,2,2023,February,1,93
1872,2023-02-15,15,2,2023,February,1,92
1873,2023-02-16,16,2,2023,February,1,91
1874,2023-02-17,17,2,2023,February,1,90
1875,2023-02-18,18,2,2023,February,1,89
1876,2023-02-19,19,2,2023,February,1,88
1877,2023-02-20,20,2,2023,February,1,87
1878,2023-02-21,21,2,2023,February,1,86
1879,2023-02-22,22,2,2023,February,1,85
1880,2023-02-23,23,2,2023,February,1,84
1881,2023-02-24,24,2,2023,February,1,83
1882,2023-02-25,25,2,2023,February,1,82
1883,2023-02-26,26,2,2023,February,1,81
1884,2023-02-27,27,2,2023,February,1,80
1885,2023-02-28,28,2,2023,February,1,79
1886,2023-03-01,1,3,2023,March,1,78
1887,2023-03-02,2,3,2023,March,1,77
1888,2023-03-03,3,3,2023,March,1,76
1889,2023-03-04,4,3,2023,March,1,75
1890,2023-03-05,5,3,2023,March,1,74
1891,2023-03-06,6,3,2023,March,1,73
1892,2023-03-07,7,3,2023,March,1,72
1893,2023-03-08,8,3,2023,March,1,71
1894,2023-03-09,9,3,2023,March,1,70
1895,2023-03-10,10,3,2023,March,1,69
1896,2023-03-11,11,3,2023,March,1,68
1897,2023-03-12,12,3,2023,March,1,67
1898,2023-03-13,13,3,2023,March,1,66
1899,2023-03-14,14,3,2023,March,1,65
1900,2023-03-15,15,3,2023,March,1,64
1901,2023-03-16,16,3,2023,March,1,63
1902,2023-03-17,17,3,2023,March,1,62
1903,2023-03-18,18,3,2023,March,1,61
1904,2023-03-19,19,3,2023,March,1,60
1905,2023-03-20,20,3,2023,March,1,59
1906,2023-03-21,21,3,2023,March,1,58
1907,2023-03-22,22,3,2023,March,1,57
1908,2023-03-23,23,3,2023,March,1,56
1909,2023-03-24,24,3,2023,March,1,55
1910,2023-03-25,25,3,2023,March,1,54
1911,2023-03-26,26,3,2023,March,1,53
1912,2023-03-27,27,3,2023,March,1,52
1913,2023-03-28,28,3,2023,March,1,51
1914,2023-03-29,29,3,2023,March,1,50
1915,2023-03-30,30,3,2023,March,1,49
1916,2023-03-31,31,3,2023,March,1,48
1917,2023-04-01,1,4,2023,April,2,47
1918,2023-04-02,2,4,2023,April,2,46
1919,2023-04-03,3,4,2023,April,2,45
1920,2023-04-04,4,4,2023,April,2,44
1921,2023-04-05,5,4,2023,April,2,43
1922,2023-04-06,6,4,2023,April,2,42
1923,2023-04-07,7,4,2023,April,2,41
1924,2023-04-08,8,4,2023,April,2,40
1925,2023-04-09,9,4,2023,April,2,39
1926,2023-04-10,10,4,2023,April,2,38
1927,2023-04-11,11,4,2023,April,2,37
1928,2023-04-12,12,4,2023,April,2,36
1929,2023-04-13,13,4,2023,April,2,35
1930,2023-04-14,14,4,2023,April,2,34
1931,2023-04-15,15,4,2023,April,2,33
1932,2023-04-16,16,4,2023,April,2,32
1933,2023-04-17,17,4,2023,April,2,31
1934,2023-04-18,18,4,2023,April,2,30
1935,2023-04-19,19,4,2023,April,2,29
1936,2023-04-20,20,4,2023,April,2,28
1937,2023-04-21,21,4,2023,April,2,27
1938,2023-04-22,22,4,2023,April,2,26
1939,2023-04-23,23,4,2023,April,2,25
1940,2023-04-24,24,4,2023,April,2,24
1941,2023-04-25,25,4,2023,April,2,23
1942,2023-04-26,26,4,2023,April,2,22
1943,2023-04-27,27,4,2023,April,2,21
1944,2023-04-28,28,4,2023,April,2,20
1945,2023-04-29,29,4,2023,April,2,19
1946,2023-04-30,30,4,2023,April,2,18
1947,2023-05-01,1,5,2023,May,2,17
1948,2023-05-02,2,5,2023,May,2,16
1949,2023-05-03,3,5,2023,May,2,15
1950,2023-05-04,4,5,2023,May,2,14
1951,2023-05-05,5,5,2023,May,2,13
1952,2023-05-06,6,5,2023,May,2,12
1953,2023-05-07,7,5,2023,May,2,11
1954,2023-05-08,8,5,2023,May,2,10
1955,2023-05-09,9,5,2023,May,2,9
1956,2023-05-10,10,5,2023,May,2,8
1957,2023-05-11,11,5,2023,May,2,7
1958,2023-05-12,12,5,2023,May,2,6
1959,2023-05-13,13,5,2023,May,2,5
1960,2023-05-14,14,5,2023,May,2,4
1961,2023-05-15,15,5,2023,May,2,3
1962,2023-05-16,16,5,2023,May,2,2
1963,2023-05-17,17,5,2023,May,2,1
1964,2023-05-18,18,5,2023,May,2,0
